normalized_name,Any taxon above genus,genus modifier,genus name,subgenera modifier,subgenera name,species modifier,species name,subspecies modifier,subspecies name,non-taxa descriptor,comments,taxon_group
Dinoflagellata indet.,Dinoflagellata indet.,,,,,,,,,,calcispheres,nannofossils
Coccolithophyceae indet.,Coccolithophyceae indet.,,,,,,,,,,reworked taxa,nannofossils
Coccolithophyceae indet.,Coccolithophyceae indet.,,,,,,,,,,Nannofossil fragments,nannofossils
Coccolithophyceae indet.,Coccolithophyceae indet.,,,,,,,,,,Reworked species,nannofossils
Dinoflagellata indet.,Dinoflagellata indet.,,,,,,,,,,Calcisphere,nannofossils
Dinoflagellata indet.,Dinoflagellata indet.,,,,,,,,,,Calcispheres,nannofossils
Cyclicargolithus cf. floridanus,,,Cyclicargolithus,,,cf.,floridanus,,,,,nannofossils
Ahmuellerella octoradiata,,,Ahmuellerella,,,,octoradiata,,,,,nannofossils
Algirosphaera robusta,,,Algirosphaera,,,,robusta,,,,,nannofossils
Amaurolithus amplificus,,,Amaurolithus,,,,amplificus,,,,,nannofossils
Amaurolithus bizarrus,,,Amaurolithus,,,,bizarrus,,,,,nannofossils
Amaurolithus delicatus,,,Amaurolithus,,,,delicatus,,,,,nannofossils
Amaurolithus primus,,,Amaurolithus,,,,primus,,,,,nannofossils
Amaurolithus spp.,,,Amaurolithus,,,,spp.,,,,,nannofossils
Amaurolithus tricorniculatus,,,Amaurolithus,,,,tricorniculatus,,,,,nannofossils
Arkhangelskiella cymbiformis,,,Arkhangelskiella,,,,cymbiformis,,,,,nannofossils
Arkhangelskiella maastrichtiensis,,,Arkhangelskiella,,,,maastrichtiensis,,,,,nannofossils
Arkhangelskiella sp.,,,Arkhangelskiella,,,,sp.,,,,,nannofossils
Arkhangelskiella specillata,,,Arkhangelskiella,,,,specillata,,,,,nannofossils
Tunicata indet.,Tunicata indet.,,,,,,,,,,,nannofossils
Axopodorhabdus biramiculatus,,,Axopodorhabdus,,,,biramiculatus,,,,,nannofossils
Axopodorhabdus cylindratus,,,Axopodorhabdus,,,,cylindratus,,,,,nannofossils
Biantholithus sparsus,,,Biantholithus,,,,sparsus,,,,,nannofossils
? Biantholithus flosculus,,?,Biantholithus,,,,flosculus,,,,,nannofossils
Biscutum sp.,,,Biscutum,,,,sp.,,,,,nannofossils
Biscutum castrorum,,,Biscutum,,,,castrorum,,,,,nannofossils
Biscutum constans,,,Biscutum,,,,constans,,,,,nannofossils
Biscutum coronum,,,Biscutum,,,,coronum,,,,,nannofossils
Biscutum dissimilis,,,Biscutum,,,,dissimilis,,,,,nannofossils
Biscutum ellipticum,,,Biscutum,,,,ellipticum,,,,,nannofossils
Biscutum magnum,,,Biscutum,,,,magnum,,,,,nannofossils
Biscutum spp.,,,Biscutum,,,,spp.,,,,,nannofossils
Biscutum ubiquens,,,Biscutum,,,,ubiquens,,,,,nannofossils
Blackites amplus,,,Blackites,,,,amplus,,,,Blackites amplus bases,nannofossils
Blackites creber,,,Blackites,,,,creber,,,,,nannofossils
Blackites gladius,,,Blackites,,,,gladius,,,,,nannofossils
Blackites herculesii,,,Blackites,,,,herculesii,,,,,nannofossils
Blackites inflatus,,,Blackites,,,,inflatus,,,,,nannofossils
Blackites spinosus,,,Blackites,,,,spinosus,,,,,nannofossils
Blackites spp.,,,Blackites,,,,spp.,,,,,nannofossils
Blackites tenuis,,,Blackites,,,,tenuis,,,,,nannofossils
Bomolithus elegans,,,Bomolithus,,,,elegans,,,,,nannofossils
Bomolithus megastypus,,,Bomolithus,,,,megastypus,,,,,nannofossils
Braarudosphaera bigelowii,,,Braarudosphaera,,,,bigelowii,,,,,nannofossils
Bramletteius serraculoides,,,Bramletteius,,,,serraculoides,,,,,nannofossils
Broinsonia enormis,,,Broinsonia,,,,enormis,,,,,nannofossils
Broinsonia furtiva,,,Broinsonia,,,,furtiva,,,,,nannofossils
Broinsonia galloisii,,,Broinsonia,,,,galloisii,,,,,nannofossils
Broinsonia parca constricta,,,Broinsonia,,,,parca,,constricta,,,nannofossils
Broinsonia parca parca,,,Broinsonia,,,,parca,,parca,,,nannofossils
Broinsonia parca ssp expansa,,,Broinsonia,,,,parca,,expansa,,Broinsonia parca ssp expansa,nannofossils
Broinsonia signata,,,Broinsonia,,,,signata,,,,,nannofossils
Broinsonia viriosa,,,Broinsonia,,,,viriosa,,,,,nannofossils
Calcicalathina alta,,,Calcicalathina,,,,alta,,,,,nannofossils
Calcidiscus carlae,,,Calcidiscus,,,,carlae,,,,,nannofossils
Calcidiscus leptoporus,,,Calcidiscus,,,,leptoporus,,,,,nannofossils
Calcidiscus leptoporus (5-8 microns),,,Calcidiscus,,,,leptoporus,,,5-8 microns,,nannofossils
Calcidiscus leptoporus (<5 microns),,,Calcidiscus,,,,leptoporus,,,<5 microns,,nannofossils
Calcidiscus leptoporus (>8 micron),,,Calcidiscus,,,,leptoporus,,,>8 microns,,nannofossils
Calcidiscus macintyrei,,,Calcidiscus,,,,macintyrei,,,,,nannofossils
Calcidiscus pacificanus,,,Calcidiscus,,,,pacificanus,,,,,nannofossils
Calcidiscus pataecus,,,Calcidiscus,,,,pataecus,,,,,nannofossils
Calcidiscus premacintyrei,,,Calcidiscus,,,,premacintyrei,,,,,nannofossils
Calcidiscus protoannulus,,,Calcidiscus,,,,protoannulus,,,,,nannofossils
Calcidiscus quadriperforatus,,,Calcidiscus,,,,quadriperforatus,,,,,nannofossils
Calcidiscus spp.,,,Calcidiscus,,,,spp.,,,,,nannofossils
Calcidiscus tropicus,,,Calcidiscus,,,,tropicus,,,,,nannofossils
Calcidiscus tropicus,,,Calcidiscus,,,,tropicus,,,,Calcidiscus tropicus +grill,nannofossils
Calciosolenia aperta,,,Calciosolenia,,,,aperta,,,,,nannofossils
Calciosolenia brasiliensis,,,Calciosolenia,,,,brasiliensis,,,,,nannofossils
Calciosolenia fossilis,,,Calciosolenia,,,,fossilis,,,,,nannofossils
Calciosolenia murrayi,,,Calciosolenia,,,,murrayi,,,,,nannofossils
Calciosolenia sp.,,,Calciosolenia,,,,sp.,,,,,nannofossils
Calciosolenia spp.,,,Calciosolenia,,,,spp.,,,,,nannofossils
Calculites obscurus,,,Calculites,,,,obscurus,,,,,nannofossils
Calculites spp.,,,Calculites,,,,spp.,,,,,nannofossils
Campylosphaera dela,,,Campylosphaera,,,,dela,,,,,nannofossils
Campylosphaera eodela,,,Campylosphaera,,,,eodela,,,,,nannofossils
Catinaster calyculus,,,Catinaster,,,,calyculus,,,,,nannofossils
Catinaster coalitus,,,Catinaster,,,,coalitus,,,,,nannofossils
Catinaster mexicanus,,,Catinaster,,,,mexicanus,,,,,nannofossils
Catinaster spp.,,,Catinaster,,,,spp.,,,,,nannofossils
Ceratolithina copis,,,Ceratolithina,,,,copis,,,,,nannofossils
Ceratolithina naturalisteplateauensis,,,Ceratolithina,,,,naturalisteplateauensis,,,,,nannofossils
Ceratolithoides sp.,,,Ceratolithoides,,,,sp.,,,,,nannofossils
Ceratolithoides kamptneri,,,Ceratolithoides,,,,kamptneri,,,,,nannofossils
Ceratolithoides spp.,,,Ceratolithoides,,,,spp.,,,,,nannofossils
Ceratolithus acutus,,,Ceratolithus,,,,acutus,,,,,nannofossils
Ceratolithus armatus,,,Ceratolithus,,,,armatus,,,,,nannofossils
Ceratolithus armatus,,,Ceratolithus,,,,armatus,,,,Ceratolithus armatus (acutus),nannofossils
Ceratolithus atlanticus,,,Ceratolithus,,,,atlanticus,,,,,nannofossils
Ceratolithus cristatus,,,Ceratolithus,,,,cristatus,,,,,nannofossils
Ceratolithus cristatus,,,Ceratolithus,,,,cristatus,,,,Ceratolithus cristatus (rugosus),nannofossils
Ceratolithus cristatus var. telesmus,,,Ceratolithus,,,,cristatus,var.,telesmus,,,nannofossils
Ceratolithus larrymayeri,,,Ceratolithus,,,,larrymayeri,,,,,nannofossils
Ceratolithus rugosus,,,Ceratolithus,,,,rugosus,,,,,nannofossils
Ceratolithus simplex,,,Ceratolithus,,,,simplex,,,,,nannofossils
Ceratolithus spp.,,,Ceratolithus,,,,spp.,,,,,nannofossils
Ceratolithus telesmus,,,Ceratolithus,,,,telesmus,,,,,nannofossils
Ceratolithus tricorniculatus,,,Ceratolithus,,,,tricorniculatus,,,,,nannofossils
Chiasmolithus altus,,,Chiasmolithus,,,,altus,,,,,nannofossils
Chiasmolithus bidens,,,Chiasmolithus,,,,bidens,,,,,nannofossils
Chiasmolithus californicus (>13 microns),,,Chiasmolithus,,,,californicus,,,>13 microns,,nannofossils
Chiasmolithus consuetus,,,Chiasmolithus,,,,consuetus,,,,,nannofossils
Chiasmolithus danicus,,,Chiasmolithus,,,,danicus,,,,,nannofossils
Chiasmolithus expansus,,,Chiasmolithus,,,,expansus,,,,,nannofossils
Chiasmolithus gigas,,,Chiasmolithus,,,,gigas,,,,,nannofossils
Chiasmolithus grandis,,,Chiasmolithus,,,,grandis,,,,,nannofossils
Chiasmolithus nitidus,,,Chiasmolithus,,,,nitidus,,,,,nannofossils
Chiasmolithus oamaruensis,,,Chiasmolithus,,,,oamaruensis,,,,,nannofossils
Chiasmolithus solitus,,,Chiasmolithus,,,,solitus,,,,,nannofossils
Chiasmolithus spp.,,,Chiasmolithus,,,,spp.,,,,,nannofossils
Chiasmolithus titus,,,Chiasmolithus,,,,titus,,,,,nannofossils
Chiastozygus sp.,,,Chiastozygus,,,,sp.,,,,,nannofossils
Chiastozygus litterarius,,,Chiastozygus,,,,litterarius,,,,,nannofossils
Chiastozygus garrisonii,,,Chiastozygus,,,,garrisonii,,,,,nannofossils
Chiastozygus platyrhethus,,,Chiastozygus,,,,platyrhethus,,,,,nannofossils
Chiphragmalithus acanthodes,,,Chiphragmalithus,,,,acanthodes,,,,,nannofossils
Chiphragmalithus armatus,,,Chiphragmalithus,,,,armatus,,,,,nannofossils
Chiphragmalithus barbatus,,,Chiphragmalithus,,,,barbatus,,,,,nannofossils
Chiphragmalithus calathus,,,Chiphragmalithus,,,,calathus,,,,,nannofossils
Clausicoccus fenestratus,,,Clausicoccus,,,,fenestratus,,,,,nannofossils
Clausicoccus spp.,,,Clausicoccus,,,,spp.,,,,,nannofossils
Clausicoccus subdistichus,,,Clausicoccus,,,,subdistichus,,,,,nannofossils
Clausicoccus vanheckiae,,,Clausicoccus,,,,vanheckiae,,,,,nannofossils
Coccolithus abisectus,,,Coccolithus,,,,abisectus,,,,,nannofossils
Coccolithus braarudii,,,Coccolithus,,,,braarudii,,,,,nannofossils
Coccolithus cachaoi,,,Coccolithus,,,,cachaoi,,,,,nannofossils
Coccolithus crassus,,,Coccolithus,,,,crassus,,,,,nannofossils
Coccolithus eopelagicus,,,Coccolithus,,,,eopelagicus,,,,,nannofossils
Coccolithus eopelagicus ( >14 microns),,,Coccolithus,,,,eopelagicus,,, >14 microns,,nannofossils
Coccolithus formosus,,,Coccolithus,,,,formosus,,,,,nannofossils
Coccolithus gigas,,,Coccolithus,,,,gigas,,,,,nannofossils
Coccolithus miopelagicus,,,Coccolithus,,,,miopelagicus,,,,,nannofossils
Coccolithus pelagicus,,,Coccolithus,,,,pelagicus,,,,,nannofossils
Coccolithus pelagicus (w/bar),,,Coccolithus,,,,pelagicus,,,,Coccolithus pelagicus (w/bar),nannofossils
Coccolithus pelagicus spp. azorinus,,,Coccolithus,,,,pelagicus,,azorinus,,Coccolithus pelagicus spp. azorinus,nannofossils
Coccolithus pelagicus spp. braarudii,,,Coccolithus,,,,pelagicus,,braarudii,,Coccolithus pelagicus spp. braarudii,nannofossils
Coccolithus pelagicus ssp. pelagicus,,,Coccolithus,,,,pelagicus,,pelagicus,,Coccolithus pelagicus ssp. pelagicus,nannofossils
Coccolithus spp.,,,Coccolithus,,,,spp.,,,,,nannofossils
Corollithion kennedyi,,,Corollithion,,,,kennedyi,,,,,nannofossils
Coronocyclus nitescens,,,Coronocyclus,,,,nitescens,,,,,nannofossils
Coronocyclus bramlettei,,,Coronocyclus,,,,bramlettei,,,,,nannofossils
Coronocyclus nitescens,,,Coronocyclus,,,,nitescens,,,,Coronocyclus nitescens (circular),nannofossils
Coronocyclus nitescens,,,Coronocyclus,,,,nitescens,,,,Coronocyclus nitescens (elliptical),nannofossils
Coronocyclus prionion,,,Coronocyclus,,,,prionion,,,,,nannofossils
Coronocyclus spp.,,,Coronocyclus,,,,spp.,,,,,nannofossils
Cretarhabdus conicus,,,Cretarhabdus,,,,conicus,,,,,nannofossils
Cretarhabdus crenulatus,,,Cretarhabdus,,,,crenulatus,,,,,nannofossils
Cretarhabdus striatus,,,Cretarhabdus,,,,striatus,,,,,nannofossils
Cribrocentrum reticulatum,,,Cribrocentrum,,,,reticulatum,,,,,nannofossils
Cribrocorona gallica,,,Cribrocorona,,,,gallica,,,,,nannofossils
Cribrosphaerella daniae,,,Cribrosphaerella,,,,daniae,,,,,nannofossils
Cribrosphaerella ehrenbergii,,,Cribrosphaerella,,,,ehrenbergii,,,,,nannofossils
Cruciellipsis cuvillieri,,,Cruciellipsis,,,,cuvillieri,,,,,nannofossils
Cruciplacolithus asymmetricus,,,Cruciplacolithus,,,,asymmetricus,,,,,nannofossils
Cruciplacolithus cruciformis,,,Cruciplacolithus,,,,cruciformis,,,,,nannofossils
Cruciplacolithus edwardsii,,,Cruciplacolithus,,,,edwardsii,,,,,nannofossils
Cruciplacolithus frequens,,,Cruciplacolithus,,,,frequens,,,,,nannofossils
Cruciplacolithus intermedius,,,Cruciplacolithus,,,,intermedius,,,,,nannofossils
Cruciplacolithus latipons,,,Cruciplacolithus,,,,latipons,,,,,nannofossils
Cruciplacolithus primus,,,Cruciplacolithus,,,,primus,,,,,nannofossils
Cruciplacolithus spp.,,,Cruciplacolithus,,,,spp.,,,,,nannofossils
Cruciplacolithus tenuis,,,Cruciplacolithus,,,,tenuis,,,,,nannofossils
Cryptococcolithus mediaperforatus,,,Cryptococcolithus,,,,mediaperforatus,,,,,nannofossils
Cyclagelosphaera margerelii,,,Cyclagelosphaera,,,,margerelii,,,,,nannofossils
Cyclagelosphaera reinhardtii,,,Cyclagelosphaera,,,,reinhardtii,,,,,nannofossils
Cyclagelosphaera spp.,,,Cyclagelosphaera,,,,spp.,,,,,nannofossils
Cyclicargolithus abisectus,,,Cyclicargolithus,,,,abisectus,,,,,nannofossils
Cyclicargolithus abisectus (11 microns),,,Cyclicargolithus,,,,abisectus,,,11 microns,,nannofossils
Cyclicargolithus abisectus (>11 microns),,,Cyclicargolithus,,,,abisectus,,,>11 microns,,nannofossils
Cyclicargolithus floridanus,,,Cyclicargolithus,,,,floridanus,,,,,nannofossils
Cyclicargolithus floridanus (5-11microns),,,Cyclicargolithus,,,,floridanus,,,5-11 microns,,nannofossils
Cyclicargolithus floridanus small (<5 microns),,,Cyclicargolithus,,,,floridanus,,,small <5 microns,,nannofossils
Cyclicargolithus luminis,,,Cyclicargolithus,,,,luminis,,,,,nannofossils
Cyclicargolithus ? luminis,,,Cyclicargolithus,,,?,luminis,,,,,nannofossils
Cylindralithus nudus,,,Cylindralithus,,,,nudus,,,,,nannofossils
Cylindralithus sculptus,,,Cylindralithus,,,,sculptus,,,,,nannofossils
Cylindralithus serratus,,,Cylindralithus,,,,serratus,,,,,nannofossils
Daktylethra punctulata,,,Daktylethra,,,,punctulata,,,,,nannofossils
Diazomatolithus lehmanii,,,Diazomatolithus,,,,lehmanii,,,,,nannofossils
Dictyococcites sp. (<3 microns),,,Dictyococcites,,,,sp.,,,<3 microns,,nannofossils
Dictyococcites antarcticus,,,Dictyococcites,,,,antarcticus,,,,,nannofossils
Dictyococcites bisectus,,,Dictyococcites,,,,bisectus,,,,,nannofossils
Dictyococcites bisectus (>10 microns),,,Dictyococcites,,,,bisectus,,,>10 microns,,nannofossils
Dictyococcites haqii,,,Dictyococcites,,,,haqii,,,,,nannofossils
Dictyococcites perplexus,,,Dictyococcites,,,,perplexus,,,,,nannofossils
Dictyococcites productus,,,Dictyococcites,,,,productus,,,,,nannofossils
Dictyococcites scrippsae,,,Dictyococcites,,,,scrippsae,,,,,nannofossils
Dictyococcites scrippsae (<10 microns),,,Dictyococcites,,,,scrippsae,,,<10 microns,,nannofossils
Dictyococcites spp.,,,Dictyococcites,,,,spp.,,,,,nannofossils
Dictyococcites spp. (<6 microns),,,Dictyococcites,,,,spp.,,,<6 microns,,nannofossils
Dictyococcites spp. (medium),,,Dictyococcites,,,,spp.,,,medium,,nannofossils
Dictyococcites spp. (small),,,Dictyococcites,,,,spp.,,,small,,nannofossils
Discoaster <sp. six-rayed>,,,Discoaster,,,,spp.,,,six-rayed,,nannofossils
Discoaster adamanteus,,,Discoaster,,,,adamanteus,,,,,nannofossils
Discoaster altus,,,Discoaster,,,,altus,,,,,nannofossils
Discoaster anartios,,,Discoaster,,,,anartios,,,,,nannofossils
Discoaster araneus,,,Discoaster,,,,araneus,,,,,nannofossils
Discoaster asymmetricus,,,Discoaster,,,,asymmetricus,,,,,nannofossils
Discoaster backmanii,,,Discoaster,,,,backmanii,,,,,nannofossils
Discoaster barbadiensis,,,Discoaster,,,,barbadiensis,,,,,nannofossils
Discoaster bellus,,,Discoaster,,,,bellus,,,,,nannofossils
Discoaster bergenii,,,Discoaster,,,,bergenii,,,,,nannofossils
Discoaster berggrenii,,,Discoaster,,,,berggrenii,,,,,nannofossils
Discoaster bifax,,,Discoaster,,,,bifax,,,,,nannofossils
Discoaster binodosus,,,Discoaster,,,,binodosus,,,,,nannofossils
Discoaster blackstockae,,,Discoaster,,,,blackstockae,,,,,nannofossils
Discoaster bollii,,,Discoaster,,,,bollii,,,,,nannofossils
Discoaster braarudii,,,Discoaster,,,,braarudii,,,,,nannofossils
Discoaster brouweri,,,Discoaster,,,,brouweri,,,,,nannofossils
Discoaster calcaris,,,Discoaster,,,,calcaris,,,,,nannofossils
Discoaster calculosus,,,Discoaster,,,,calculosus,,,,,nannofossils
Discoaster challengeri,,,Discoaster,,,,challengeri,,,,,nannofossils
Discoaster deflandrei,,,Discoaster,,,,deflandrei,,,,,nannofossils
Discoaster deflandrei,,,Discoaster,,,,deflandrei,,,small,Discoaster deflandrei (small),nannofossils
Discoaster delicatus,,,Discoaster,,,,delicatus,,,,,nannofossils
Discoaster diastypus,,,Discoaster,,,,diastypus,,,,,nannofossils
Discoaster distinctus,,,Discoaster,,,,distinctus,,,,,nannofossils
Discoaster druggii,,,Discoaster,,,,druggii,,,,,nannofossils
Discoaster druggii,,,Discoaster,,,,druggii,,,< 15 microns,Discoaster druggii ,nannofossils
Discoaster elegans,,,Discoaster,,,,elegans,,,,,nannofossils
Discoaster exilis,,,Discoaster,,,,exilis,,,,,nannofossils
Discoaster falcatus,,,Discoaster,,,,falcatus,,,,,nannofossils
Discoaster variabilis group,,,Discoaster,,,,variabilis,,group,,Discoaster variabilis group,nannofossils
Discoaster hamatus,,,Discoaster,,,,hamatus,,,,,nannofossils
Discoaster hamatus-bellus,,,Discoaster,,,,hamatus-bellus,,,,,nannofossils
Discoaster intercalaris,,,Discoaster,,,,intercalaris,,,,,nannofossils
Discoaster kuepperi,,,Discoaster,,,,kuepperi,,,,,nannofossils
Discoaster kugleri,,,Discoaster,,,,kugleri,,,,,nannofossils
Discoaster lenticularis,,,Discoaster,,,,lenticularis,,,,,nannofossils
Discoaster lodoensis,,,Discoaster,,,,lodoensis,,,,,nannofossils
Discoaster loeblichii,,,Discoaster,,,,loeblichii,,,,,nannofossils
Discoaster mahmoudii,,,Discoaster,,,,mahmoudii,,,,,nannofossils
Discoaster mediosus,,,Discoaster,,,,mediosus,,,,,nannofossils
Discoaster mendomobensis,,,Discoaster,,,,mendomobensis,,,,,nannofossils
Discoaster mohleri,,,Discoaster,,,,mohleri,,,,,nannofossils
Discoaster moorei,,,Discoaster,,,,moorei,,,,,nannofossils
Discoaster multiradiatus,,,Discoaster,,,,multiradiatus,,,,,nannofossils
Discoaster musicus,,,Discoaster,,,,musicus,,,,,nannofossils
Discoaster neohamatus,,,Discoaster,,,,neohamatus,,,,,nannofossils
Discoaster neorectus,,,Discoaster,,,,neorectus,,,,,nannofossils
Discoaster nobilis,,,Discoaster,,,,nobilis,,,,,nannofossils
Discoaster nodifer,,,Discoaster,,,,nodifer,,,,,nannofossils
Discoaster ornatus,,,Discoaster,,,,ornatus,,,,,nannofossils
Discoaster pacificus,,,Discoaster,,,,pacificus,,,,,nannofossils
Discoaster paelikei,,,Discoaster,,,,paelikei,,,,,nannofossils
Discoaster pansus,,,Discoaster,,,,pansus,,,,,nannofossils
Discoaster pentaradiatus,,,Discoaster,,,,pentaradiatus,,,,,nannofossils
Discoaster petaliformis,,,Discoaster,,,,petaliformis,,,,,nannofossils
Discoaster prepentaradiatus,,,Discoaster,,,,prepentaradiatus,,,,,nannofossils
Discoaster quadramus,,,Discoaster,,,,quadramus,,,,,nannofossils
Discoaster quinqueramus,,,Discoaster,,,,quinqueramus,,,,,nannofossils
Discoaster quintatus,,,Discoaster,,,,quintatus,,,,,nannofossils
Discoaster saipanensis,,,Discoaster,,,,saipanensis,,,,,nannofossils
Discoaster salisburgensis,,,Discoaster,,,,salisburgensis,,,,,nannofossils
Discoaster sanmiguelensis,,,Discoaster,,,,sanmiguelensis,,,,,nannofossils
Discoaster septemradiatus,,,Discoaster,,,,septemradiatus,,,,,nannofossils
Discoaster signus,,,Discoaster,,,,signus,,,,,nannofossils
Discoaster sp.,,,Discoaster,,,,sp.,,,,,nannofossils
Discoaster cf. brouweri,,,Discoaster,,,cf.,brouweri,,,,Discoaster sp. cf. D. brouweri,nannofossils
Discoaster cf. variabilis,,,Discoaster,,,cf.,variabilis,,,,Discoaster sp. cf. D. variabilis,nannofossils
Discoaster spp.,,,Discoaster,,,,spp.,,,,,nannofossils
Discoaster <spp. (Neogene)>,,,Discoaster,,,,spp.,,"""(Neogene)""",,Discoaster spp. (Neogene),nannofossils
Discoaster <spp. (Paleogene)>,,,Discoaster,,,,spp.,,"""(Paleogene)""",,Discoaster spp. (Paleogene),nannofossils
Discoaster <spp. (five-rayed)>,,,Discoaster,,,,spp.,,,five-rayed,,nannofossils
Discoaster stellulus,,,Discoaster,,,,stellulus,,,,,nannofossils
Discoaster sublodoensis,,,Discoaster,,,,sublodoensis,,,,,nannofossils
Discoaster subsurculus,,,Discoaster,,,,subsurculus,,,,,nannofossils
Discoaster surculus,,,Discoaster,,,,surculus,,,,,nannofossils
Discoaster tamalis,,,Discoaster,,,,tamalis,,,,,nannofossils
Discoaster tanii,,,Discoaster,,,,tanii,,,,,nannofossils
Discoaster triradiatus,,,Discoaster,,,,triradiatus,,,,,nannofossils
Discoaster tristellifer,,,Discoaster,,,,tristellifer,,,,,nannofossils
Discoaster variabilis,,,Discoaster,,,,variabilis,,,,,nannofossils
Discoaster wemmelensis,,,Discoaster,,,,wemmelensis,,,,,nannofossils
Discoaster williamsii,,,Discoaster,,,,williamsii,,,,,nannofossils
Discolithina japonica,,,Discolithina,,,,japonica,,,,,nannofossils
Discorhabdus watkinsii,,,Discorhabdus,,,,watkinsii,,,,,nannofossils
Discosphaera tubifera,,,Discosphaera,,,,tubifera,,,,,nannofossils
Eiffellithus sp.,,,Eiffellithus,,,,sp.,,,,,nannofossils
Eiffellithus angustus,,,Eiffellithus,,,,angustus,,,,,nannofossils
Eiffellithus casulus,,,Eiffellithus,,,,casulus,,,,,nannofossils
Eiffellithus equibiramus,,,Eiffellithus,,,,equibiramus,,,,,nannofossils
Eiffellithus eximius,,,Eiffellithus,,,,eximius,,,,,nannofossils
Eiffellithus eximius,,,Eiffellithus,,,,eximius,,,,Eiffellithus eximius (sensu Verbeek),nannofossils
Eiffellithus gorkae,,,Eiffellithus,,,,gorkae,,,,,nannofossils
Eiffellithus monechiae,,,Eiffellithus,,,,monechiae,,,,,nannofossils
Eiffellithus parallelus,,,Eiffellithus,,,,parallelus,,,,,nannofossils
Eiffellithus perchnielseniae,,,Eiffellithus,,,,perchnielseniae,,,,,nannofossils
Eiffellithus praestigium,,,Eiffellithus,,,,praestigium,,,,,nannofossils
Eiffellithus turriseiffelii,,,Eiffellithus,,,,turriseiffelii,,,,,nannofossils
Eiffellithus vonsalisiae,,,Eiffellithus,,,,vonsalisiae,,,,,nannofossils
Ellipsolithus bollii,,,Ellipsolithus,,,,bollii,,,,,nannofossils
Ellipsolithus distichus,,,Ellipsolithus,,,,distichus,,,,,nannofossils
Ellipsolithus macellus,,,Ellipsolithus,,,,macellus,,,,,nannofossils
Ellipsolithus subdistichus,,,Ellipsolithus,,,,subdistichus,,,,,nannofossils
Emiliania huxleyi,,,Emiliania,,,,huxleyi,,,,,nannofossils
Emiliania huxleyi (<5 microns),,,Emiliania,,,,huxleyi,,,<5 microns,,nannofossils
Emiliania huxleyi (>5 microns),,,Emiliania,,,,huxleyi,,,>5 microns,,nannofossils
Eprolithus eptapetalus,,,Eprolithus,,,,eptapetalus,,,,,nannofossils
Eprolithus floralis,,,Eprolithus,,,,floralis,,,,,nannofossils
Eprolithus moratus,,,Eprolithus,,,,moratus,,,,,nannofossils
Eprolithus octopetalus,,,Eprolithus,,,,octopetalus,,,,,nannofossils
Ericsonia robusta,,,Ericsonia,,,,robusta,,,,,nannofossils
Ericsonia robusta,,,Ericsonia,,,,robusta,,,small,Ericsonia robusta (small),nannofossils
Ericsonia subpertusa,,,Ericsonia,,,,subpertusa,,,,,nannofossils
Fasciculithus alanii,,,Fasciculithus,,,,alanii,,,,,nannofossils
Fasciculithus clinatus,,,Fasciculithus,,,,clinatus,,,,,nannofossils
Fasciculithus involutus,,,Fasciculithus,,,,involutus,,,,,nannofossils
Fasciculithus lilianae,,,Fasciculithus,,,,lilianae,,,,,nannofossils
Fasciculithus magnus,,,Fasciculithus,,,,magnus,,,,,nannofossils
Fasciculithus pileatus,,,Fasciculithus,,,,pileatus,,,,,nannofossils
Fasciculithus richardii,,,Fasciculithus,,,,richardii,,,,,nannofossils
Fasciculithus shaubii,,,Fasciculithus,,,,shaubii,,,,,nannofossils
Fasciculithus spp.,,,Fasciculithus,,,,spp.,,,,,nannofossils
Fasciculithus thomasii,,,Fasciculithus,,,,thomasii,,,,,nannofossils
Fasciculithus tympaniformis,,,Fasciculithus,,,,tympaniformis,,,,,nannofossils
Fasciculithus ulii,,,Fasciculithus,,,,ulii,,,,,nannofossils
Florisphaera profunda,,,Florisphaera,,,,profunda,,,,,nannofossils
Florisphaera profunda var. elongata,,,Florisphaera,,,,profunda,var.,elongata,,,nannofossils
Gartnerago chiasta,,,Gartnerago,,,,chiasta,,,,,nannofossils
Gartnerago nanum,,,Gartnerago,,,,nanum,,,,,nannofossils
Gartnerago obliquum,,,Gartnerago,,,,obliquum,,,,,nannofossils
Gartnerago segmentatum,,,Gartnerago,,,,segmentatum,,,,,nannofossils
Gartnerago theta,,,Gartnerago,,,,theta,,,,,nannofossils
Gephyrocapsa spp. (<4 microns),,,Gephyrocapsa,,,,spp.,,,<4 microns,,nannofossils
Gephyrocapsa spp. (>4 microns),,,Gephyrocapsa,,,,spp.,,,>4 microns,,nannofossils
Gephyrocapsa spp. (>5.5 microns),,,Gephyrocapsa,,,,spp.,,,>5.5 microns,,nannofossils
Gephyrocapsa aperta,,,Gephyrocapsa,,,,aperta,,,,,nannofossils
Gephyrocapsa caribbeanica,,,Gephyrocapsa,,,,caribbeanica,,,,,nannofossils
Gephyrocapsa caribbeanica (3-4 microns),,,Gephyrocapsa,,,,caribbeanica,,,3-4 microns,,nannofossils
Gephyrocapsa caribbeanica (4-5.5 microns),,,Gephyrocapsa,,,,caribbeanica,,,4-5.5 microns,,nannofossils
Gephyrocapsa caribbeanica (>5.5 microns),,,Gephyrocapsa,,,,caribbeanica,,,>5.5 microns,,nannofossils
Gephyrocapsa caribbeanica (large),,,Gephyrocapsa,,,,caribbeanica,,,large,,nannofossils
Gephyrocapsa ericsonii,,,Gephyrocapsa,,,,ericsonii,,,,,nannofossils
Gephyrocapsa large,,,Gephyrocapsa,,,,large,,,,,nannofossils
Gephyrocapsa margerelii/muellerae,,,Gephyrocapsa,,,,margerelii/muellerae,,,,,nannofossils
Gephyrocapsa muellerae,,,Gephyrocapsa,,,,muellerae,,,,,nannofossils
Gephyrocapsa oceanica,,,Gephyrocapsa,,,,oceanica,,,,,nannofossils
Gephyrocapsa oceanica (3-4 microns),,,Gephyrocapsa,,,,oceanica,,,3-4 microns,,nannofossils
Gephyrocapsa oceanica (4-5.5 microns),,,Gephyrocapsa,,,,oceanica,,,4-5.5 microns,,nannofossils
Gephyrocapsa oceanica (<5 micron),,,Gephyrocapsa,,,,oceanica,,,<5 micron,,nannofossils
Gephyrocapsa oceanica (>5 micron),,,Gephyrocapsa,,,,oceanica,,,>5 micron,,nannofossils
Gephyrocapsa oceanica (>5.5 microns),,,Gephyrocapsa,,,,oceanica,,,>5.5 microns,,nannofossils
Gephyrocapsa oceanica,,,Gephyrocapsa,,,,oceanica,,,large,"Gephyrocapsa oceanica (Large, Diagonal bridge)",nannofossils
Gephyrocapsa oceanica,,,Gephyrocapsa,,,,oceanica,,,,Gephyrocapsa oceanica ss,nannofossils
Gephyrocapsa omega,,,Gephyrocapsa,,,,omega,,,,,nannofossils
Gephyrocapsa parallela,,,Gephyrocapsa,,,,parallela,,,,,nannofossils
Gephyrocapsa sinuosa,,,Gephyrocapsa,,,,sinuosa,,,,,nannofossils
Gephyrocapsa sp.,,,Gephyrocapsa,,,,sp.,,,,,nannofossils
Gephyrocapsa sp. (4-5.5 microns),,,Gephyrocapsa,,,,sp.,,,4-5.5 microns,,nannofossils
Gephyrocapsa sp. (<4 microns),,,Gephyrocapsa,,,,sp.,,,<4 microns,,nannofossils
Gephyrocapsa sp. (>5.5 microns),,,Gephyrocapsa,,,,sp.,,,>5.5 microns,,nannofossils
Gephyrocapsa sp. (closed >4 microns),,,Gephyrocapsa,,,,sp.,,,closed >4 microns,,nannofossils
Gephyrocapsa sp. (large),,,Gephyrocapsa,,,,sp.,,,large,,nannofossils
Gephyrocapsa sp. 3,,,Gephyrocapsa,,,,"""sp. 3""",,,,,nannofossils
Gephyrocapsa sp. medium,,,Gephyrocapsa,,,,sp.,,,medium,,nannofossils
Gephyrocapsa spp. (<3 microns),,,Gephyrocapsa,,,,spp.,,,<3 microns,,nannofossils
Gephyrocapsa spp. (large >5.5 microns),,,Gephyrocapsa,,,,spp.,,,closed >4 microns,,nannofossils
Gephyrocapsa spp. (medium 4-5.5 microns),,,Gephyrocapsa,,,,spp.,,,medium 4-5.5 microns,,nannofossils
Gephyrocapsa spp. (small <3.5 microns),,,Gephyrocapsa,,,,spp.,,,small <3.5 microns,,nannofossils
Gephyrocapsa spp. (small),,,Gephyrocapsa,,,,spp.,,,small,,nannofossils
Gephyrocapsa spp. medium,,,Gephyrocapsa,,,,spp.,,,medium,,nannofossils
Gephyrocapsa spp. small (<4 microns),,,Gephyrocapsa,,,,spp.,,,small <4 microns,,nannofossils
Girgisia gammation,,,Girgisia,,,,gammation,,,,,nannofossils
Gladiolithus flabellatus,,,Gladiolithus,,,,flabellatus,,,,,nannofossils
Glaukolithus bicrescenticus,,,Glaukolithus,,,,bicrescenticus,,,,,nannofossils
Glaukolithus diplogrammus,,,Glaukolithus,,,,diplogrammus,,,,,nannofossils
Gorkaea spp.,,,Gorkaea,,,,spp.,,,,,nannofossils
Grantarhabdus coronadventis,,,Grantarhabdus,,,,coronadventis,,,,,nannofossils
Haqius circumradiatus,,,Haqius,,,,circumradiatus,,,,,nannofossils
Hayaster perplexus,,,Hayaster,,,,perplexus,,,,,nannofossils
Hayella challengeri,,,Hayella,,,,challengeri,,,,,nannofossils
Hayella situliformis,,,Hayella,,,,situliformis,,,,,nannofossils
Hayesites albiensis,,,Hayesites,,,,albiensis,,,,,nannofossils
Helenea chiastia,,,Helenea,,,,chiastia,,,,,nannofossils
Helicolithus compactus,,,Helicolithus,,,,compactus,,,,,nannofossils
Helicolithus trabeculatus,,,Helicolithus,,,,trabeculatus,,,,,nannofossils
Helicolithus trabeculatus,,,Helicolithus,,,,trabeculatus,,,<7 um,Helicolithus trabeculatus (<7 um),nannofossils
Helicolithus turonicus,,,Helicolithus,,,,turonicus,,,,,nannofossils
Helicopontosphaera hyalina,,,Helicopontosphaera,,,,hyalina,,,,,nannofossils
Helicosphaera acuta,,,Helicosphaera,,,,acuta,,,,,nannofossils
Helicosphaera ampliaperta,,,Helicosphaera,,,,ampliaperta,,,,,nannofossils
Helicosphaera bramlettei,,,Helicosphaera,,,,bramlettei,,,,,nannofossils
Helicosphaera burkei,,,Helicosphaera,,,,burkei,,,,,nannofossils
Helicosphaera carteri,,,Helicosphaera,,,,carteri,,,,,nannofossils
Helicosphaera carteri var. walichii,,,Helicosphaera,,,,carteri,var.,walichii,,,nannofossils
Helicosphaera clarissima,,,Helicosphaera,,,,clarissima,,,,,nannofossils
Helicosphaera compacta,,,Helicosphaera,,,,compacta,,,,,nannofossils
Helicosphaera ethologa,,,Helicosphaera,,,,ethologa,,,,,nannofossils
Helicosphaera euphratis,,,Helicosphaera,,,,euphratis,,,,,nannofossils
Helicosphaera euphratis,,,Helicosphaera,,,,euphratis,,,<8 microns,Helicosphaera euphratis (< 8 microns),nannofossils
Helicosphaera granulata,,,Helicosphaera,,,,granulata,,,,,nannofossils
Helicosphaera hyalina,,,Helicosphaera,,,,hyalina,,,,,nannofossils
Helicosphaera intermedia,,,Helicosphaera,,,,intermedia,,,,,nannofossils
Helicosphaera inversa,,,Helicosphaera,,,,inversa,,,,,nannofossils
Helicosphaera kamptneri,,,Helicosphaera,,,,kamptneri,,,,,nannofossils
Helicosphaera lophota,,,Helicosphaera,,,,lophota,,,,,nannofossils
Helicosphaera mediterranea,,,Helicosphaera,,,,mediterranea,,,,,nannofossils
Helicosphaera neogranulata,,,Helicosphaera,,,,neogranulata,,,,,nannofossils
Helicosphaera obliqua,,,Helicosphaera,,,,obliqua,,,,,nannofossils
Helicosphaera orientalis,,,Helicosphaera,,,,orientalis,,,,,nannofossils
Helicosphaera pavimentum,,,Helicosphaera,,,,pavimentum,,,,,nannofossils
Helicosphaera perch-nielseniae,,,Helicosphaera,,,,perch-nielseniae,,,,,nannofossils
Helicosphaera princei,,,Helicosphaera,,,,princei,,,,,nannofossils
Helicosphaera recta,,,Helicosphaera,,,,recta,,,,,nannofossils
Helicosphaera reticulata,,,Helicosphaera,,,,reticulata,,,,,nannofossils
Helicosphaera scissura,,,Helicosphaera,,,,scissura,,,,,nannofossils
Helicosphaera sellii,,,Helicosphaera,,,,sellii,,,,,nannofossils
Helicosphaera seminulum,,,Helicosphaera,,,,seminulum,,,,,nannofossils
Helicosphaera sp.,,,Helicosphaera,,,,sp.,,,,,nannofossils
Helicosphaera spp.,,,Helicosphaera,,,,spp.,,,,,nannofossils
Helicosphaera <spp. (Negoene)>,,,Helicosphaera,,,,spp.,,,,Helicosphaera spp. (Negoene),nannofossils
Helicosphaera <spp. (Palegoene)>,,,Helicosphaera,,,,spp.,,,,Helicosphaera spp. (Palegoene),nannofossils
Helicosphaera stalis,,,Helicosphaera,,,,stalis,,,,,nannofossils
Helicosphaera vedderi,,,Helicosphaera,,,,vedderi,,,,,nannofossils
Helicosphaera walbersdorfensis,,,Helicosphaera,,,,walbersdorfensis,,,,,nannofossils
Helicosphaera wallichii,,,Helicosphaera,,,,wallichii,,,,,nannofossils
Helicosphaera wilcoxonii,,,Helicosphaera,,,,wilcoxonii,,,,,nannofossils
Heliolithus cantabriae,,,Heliolithus,,,,cantabriae,,,,,nannofossils
Heliolithus kleinpellii,,,Heliolithus,,,,kleinpellii,,,,,nannofossils
Heliolithus riedelii,,,Heliolithus,,,,riedelii,,,,,nannofossils
Holodiscolithus macroporus,,,Holodiscolithus,,,,macroporus,,,,,nannofossils
Hughesius gizoensis,,,Hughesius,,,,gizoensis,,,,,nannofossils
Hughesius tasmaniae,,,Hughesius,,,,tasmaniae,,,,,nannofossils
Ilselithina fusa,,,Ilselithina,,,,fusa,,,,,nannofossils
Isthmolithus recurvus,,,Isthmolithus,,,,recurvus,,,,,nannofossils
Jakubowskia leoniae,,,Jakubowskia,,,,leoniae,,,,,nannofossils
Kamptnerius magnificus,,,Kamptnerius,,,,magnificus,,,,,nannofossils
Lanternithus minutus,,,Lanternithus,,,,minutus,,,,,nannofossils
Lapideacassis sp.,,,Lapideacassis,,,,sp.,,,,,nannofossils
Liliasterites angularis,,,Liliasterites,,,,angularis,,,,,nannofossils
Liliasterites atlanticus,,,Liliasterites,,,,atlanticus,,,,,nannofossils
Lithastrinus grillii,,,Lithastrinus,,,,grillii,,,,,nannofossils
Lithastrinus septenarius,,,Lithastrinus,,,,septenarius,,,,,nannofossils
Lithoptychius ulii,,,Lithoptychius,,,,ulii,,,,,nannofossils
Lithoptychius vertebratoides,,,Lithoptychius,,,,vertebratoides,,,,,nannofossils
Lithraphidites acutus,,,Lithraphidites,,,,acutus,,,,,nannofossils
Lithraphidites alatus,,,Lithraphidites,,,,alatus,,,,,nannofossils
Lithraphidites carniolensis,,,Lithraphidites,,,,carniolensis,,,,,nannofossils
Lithraphidites quadratus,,,Lithraphidites,,,,quadratus,,,,,nannofossils
Lophodolithus acutus,,,Lophodolithus,,,,acutus,,,,,nannofossils
Lophodolithus mochlophorus,,,Lophodolithus,,,,mochlophorus,,,,,nannofossils
Lophodolithus nascens,,,Lophodolithus,,,,nascens,,,,,nannofossils
Lophodolithus rotundus,,,Lophodolithus,,,,rotundus,,,,,nannofossils
Loxolithus armilla,,,Loxolithus,,,,armilla,,,,,nannofossils
Lucianorhabdus cayeuxii,,,Lucianorhabdus,,,,cayeuxii,,,,,nannofossils
Lucianorhabdus maleformis,,,Lucianorhabdus,,,,maleformis,,,,,nannofossils
Lucianorhabdus spp.,,,Lucianorhabdus,,,,spp.,,,,,nannofossils
Manivitella pemmatoidea,,,Manivitella,,,,pemmatoidea,,,,,nannofossils
Markalius apertus,,,Markalius,,,,apertus,,,,,nannofossils
Markalius astroporus,,,Markalius,,,,astroporus,,,,,nannofossils
Markalius inversus,,,Markalius,,,,inversus,,,,,nannofossils
Marthasterites furcatus,,,Marthasterites,,,,furcatus,,,,,nannofossils
Micrantholithus flos,,,Micrantholithus,,,,flos,,,,,nannofossils
Micrantholithus spp.,,,Micrantholithus,,,,spp.,,,,,nannofossils
Microrhabdulus belgicus,,,Microrhabdulus,,,,belgicus,,,,,nannofossils
Microrhabdulus decoratus,,,Microrhabdulus,,,,decoratus,,,,,nannofossils
Microrhabdulus spp.,,,Microrhabdulus,,,,spp.,,,,,nannofossils
Micula sp.,,,Micula,,,,sp.,,,,,nannofossils
Micula concava,,,Micula,,,,concava,,,,,nannofossils
Micula cubiformis,,,Micula,,,,cubiformis,,,,,nannofossils
Micula decussata,,,Micula,,,,decussata,,,,,nannofossils
Micula murus,,,Micula,,,,murus,,,,,nannofossils
Micula prinsii,,,Micula,,,,prinsii,,,,,nannofossils
Micula staurophora,,,Micula,,,,staurophora,,,,,nannofossils
Minylitha convallis,,,Minylitha,,,,convallis,,,,,nannofossils
Misceomarginatus pleniporus,,,Misceomarginatus,,,,pleniporus,,,,,nannofossils
Monomarginatus quaternarius,,,Monomarginatus,,,,quaternarius,,,,,nannofossils
Nannoconus sp.,,,Nannoconus,,,,sp.,,,,,nannofossils
Nannotetrina alata,,,Nannotetrina,,,,alata,,,,,nannofossils
Nannotetrina alata group,,,Nannotetrina,,,,alata,,group,,,nannofossils
Nannotetrina cristata,,,Nannotetrina,,,,cristata,,,,,nannofossils
Nannotetrina fulgens,,,Nannotetrina,,,,fulgens,,,,,nannofossils
Nannotetrina spp.,,,Nannotetrina,,,,spp.,,,,,nannofossils
Neobiscutum spp.,,,Neobiscutum,,,,spp.,,,,,nannofossils
Neochiastozygus chiastus,,,Neochiastozygus,,,,chiastus,,,,,nannofossils
Neochiastozygus junctus,,,Neochiastozygus,,,,junctus,,,,,nannofossils
Neochiastozygus modestus,,,Neochiastozygus,,,,modestus,,,,,nannofossils
Neochiastozygus perfectus,,,Neochiastozygus,,,,perfectus,,,,,nannofossils
Neochiastozygus rosenkrantzii,,,Neochiastozygus,,,,rosenkrantzii,,,,,nannofossils
Neochiastozygus spp.,,,Neochiastozygus,,,,spp.,,,,,nannofossils
Neococcolithes dubius,,,Neococcolithes,,,,dubius,,,,,nannofossils
Neococcolithes protenus,,,Neococcolithes,,,,protenus,,,,,nannofossils
Neococcolithes spp.,,,Neococcolithes,,,,spp.,,,,,nannofossils
Neocrepidolithus cruciatus,,,Neocrepidolithus,,,,cruciatus,,,,,nannofossils
Neocrepidolithus dirimosus,,,Neocrepidolithus,,,,dirimosus,,,,,nannofossils
Neocrepidolithus fossus,,,Neocrepidolithus,,,,fossus,,,,,nannofossils
Neocrepidolithus neocrassus,,,Neocrepidolithus,,,,neocrassus,,,,,nannofossils
Neocrepidolithus watkinsii,,,Neocrepidolithus,,,,watkinsii,,,,,nannofossils
Neosphaera coccolithomorpha,,,Neosphaera,,,,coccolithomorpha,,,,,nannofossils
Nephrolithus frequens,,,Nephrolithus,,,,frequens,,,,,nannofossils
Nicklithus amplificus,,,Nicklithus,,,,amplificus,,,,,nannofossils
Octocyclus sp.,,,Octocyclus,,,,sp.,,,,,nannofossils
Octolithus multiplus,,,Octolithus,,,,multiplus,,,,,nannofossils
Oolithotus fragilis,,,Oolithotus,,,,fragilis,,,,,nannofossils
Oolithotus sp.,,,Oolithotus,,,,sp.,,,,,nannofossils
Oolithotus spp.,,,Oolithotus,,,,spp.,,,,,nannofossils
Orthorhabdus rugosus,,,Orthorhabdus,,,,rugosus,,,,,nannofossils
Orthorhabdus serratus,,,Orthorhabdus,,,,serratus,,,,,nannofossils
Orthorhabdus striatus,,,Orthorhabdus,,,,striatus,,,,,nannofossils
Pedinocyclus larvalis,,,Pedinocyclus,,,,larvalis,,,,,nannofossils
Pemma basquense,,,Pemma,,,,basquense,,,,,nannofossils
Perchnielsenella stradneri,,,Perchnielsenella,,,,stradneri,,,,,nannofossils
Perissocyclus fenestratus,,,Perissocyclus,,,,fenestratus,,,,,nannofossils
Petrarhabdus copulatus,,,Petrarhabdus,,,,copulatus,,,,,nannofossils
Placozygus spp.,,,Placozygus,,,,spp.,,,,,nannofossils
Pontosphaera multipora,,,Pontosphaera,,,,multipora,,,,,nannofossils
Pontosphaera alta,,,Pontosphaera,,,,alta,,,,,nannofossils
Pontosphaera discopora,,,Pontosphaera,,,,discopora,,,,,nannofossils
Pontosphaera enormis,,,Pontosphaera,,,,enormis,,,,,nannofossils
Pontosphaera exilis,,,Pontosphaera,,,,exilis,,,,,nannofossils
Pontosphaera indooceanica,,,Pontosphaera,,,,indooceanica,,,,,nannofossils
Pontosphaera japonica,,,Pontosphaera,,,,japonica,,,,,nannofossils
Pontosphaera latelliptica,,,Pontosphaera,,,,latelliptica,,,,,nannofossils
Pontosphaera millepuncta,,,Pontosphaera,,,,millepuncta,,,,,nannofossils
Pontosphaera plana,,,Pontosphaera,,,,plana,,,,,nannofossils
Pontosphaera pulchra,,,Pontosphaera,,,,pulchra,,,,,nannofossils
Pontosphaera punctosa,,,Pontosphaera,,,,punctosa,,,,,nannofossils
Pontosphaera rimosa,,,Pontosphaera,,,,rimosa,,,,,nannofossils
Pontosphaera sp.,,,Pontosphaera,,,,sp.,,,,,nannofossils
Pontosphaera spp.,,,Pontosphaera,,,,spp.,,,,,nannofossils
Pontosphaera <spp. (Neogene)>,,,Pontosphaera,,,,spp.,,,,Pontosphaera spp. (Neogene),nannofossils
Pontosphaera versa,,,Pontosphaera,,,,versa,,,,,nannofossils
Prediscosphaera arkhangelskyi,,,Prediscosphaera,,,,arkhangelskyi,,,,,nannofossils
Prediscosphaera bukryi,,,Prediscosphaera,,,,bukryi,,,,,nannofossils
Prediscosphaera columnata,,,Prediscosphaera,,,,columnata,,,,,nannofossils
Prediscosphaera cretacea,,,Prediscosphaera,,,,cretacea,,,,,nannofossils
Prediscosphaera desiderograndis,,,Prediscosphaera,,,,desiderograndis,,,,,nannofossils
Prediscosphaera grandis,,,Prediscosphaera,,,,grandis,,,,,nannofossils
Prediscosphaera majungae,,,Prediscosphaera,,,,majungae,,,,,nannofossils
Prediscosphaera spinosa,,,Prediscosphaera,,,,spinosa,,,,,nannofossils
Prediscosphaera stoveri,,,Prediscosphaera,,,,stoveri,,,,,nannofossils
Prinsius bisulcus,,,Prinsius,,,,bisulcus,,,,,nannofossils
Prinsius dimorphosus,,,Prinsius,,,,dimorphosus,,,,,nannofossils
Prinsius martinii,,,Prinsius,,,,martinii,,,,,nannofossils
Prinsius tenuiculus,,,Prinsius,,,,tenuiculus,,,,,nannofossils
Pseudoemiliania lacunosa,,,Pseudoemiliania,,,,lacunosa,,,,,nannofossils
Pseudoemiliania ovata,,,Pseudoemiliania,,,,ovata,,,,,nannofossils
Pseudomicula quadrata,,,Pseudomicula,,,,quadrata,,,,,nannofossils
Pseudotriquetrorhabdulus inversus,,,Pseudotriquetrorhabdulus,,,,inversus,,,,,nannofossils
Quadrum gartneri,,,Quadrum,,,,gartneri,,,,,nannofossils
Quadrum intermedium,,,Quadrum,,,,intermedium,,,,,nannofossils
Reinhardtites anthophorus,,,Reinhardtites,,,,anthophorus,,,,,nannofossils
Reinhardtites biperforatus,,,Reinhardtites,,,,biperforatus,,,,,nannofossils
Reinhardtites levis,,,Reinhardtites,,,,levis,,,,,nannofossils
Repagulum parvidentatum,,,Repagulum,,,,parvidentatum,,,,,nannofossils
Retecapsa crenulata,,,Retecapsa,,,,crenulata,,,,,nannofossils
Retecapsa ficula,,,Retecapsa,,,,ficula,,,,,nannofossils
Retecapsa schizobrachiata,,,Retecapsa,,,,schizobrachiata,,,,,nannofossils
Retecapsa surirella,,,Retecapsa,,,,surirella,,,,,nannofossils
Reticulofenestra pseudoumbilica,,,Reticulofenestra,,,,pseudoumbilica,,,,,nannofossils
Reticulofenestra <spp. small>,,,Reticulofenestra,,,,sp.,,,small,"Reticulofenestra ""small""",nannofossils
Reticulofenestra asanoi,,,Reticulofenestra,,,,asanoi,,,,,nannofossils
Reticulofenestra asanoi (<6 microns),,,Reticulofenestra,,,,asanoi,,,<6 microns,,nannofossils
Reticulofenestra asanoi (>6 microns),,,Reticulofenestra,,,,asanoi,,,>6 microns,,nannofossils
Reticulofenestra bisecta,,,Reticulofenestra,,,,bisecta,,,,,nannofossils
Reticulofenestra bisecta (5-10 microns),,,Reticulofenestra,,,,bisecta,,,5-10 microns,,nannofossils
Reticulofenestra bisecta (>10 microns),,,Reticulofenestra,,,,bisecta,,,>10 microns,,nannofossils
Reticulofenestra callida,,,Reticulofenestra,,,,callida,,,,,nannofossils
Reticulofenestra circus,,,Reticulofenestra,,,,circus,,,,,nannofossils
Reticulofenestra cisnerosii,,,Reticulofenestra,,,,cisnerosii,,,,,nannofossils
Reticulofenestra daviesii,,,Reticulofenestra,,,,daviesii,,,,,nannofossils
Reticulofenestra dictyoda,,,Reticulofenestra,,,,dictyoda,,,,,nannofossils
Reticulofenestra dictyoda (10-14 microns),,,Reticulofenestra,,,,dictyoda,,,10-14 microns,,nannofossils
Reticulofenestra dictyoda (3-10 microns),,,Reticulofenestra,,,,dictyoda,,,3-10 microns,,nannofossils
Reticulofenestra erbae,,,Reticulofenestra,,,,erbae,,,,,nannofossils
Reticulofenestra gelida,,,Reticulofenestra,,,,gelida,,,,,nannofossils
Reticulofenestra hampdenensis,,,Reticulofenestra,,,,hampdenensis,,,,,nannofossils
Reticulofenestra haqii,,,Reticulofenestra,,,,haqii,,,,,nannofossils
Reticulofenestra haqii (<3 microns),,,Reticulofenestra,,,,haqii,,,<3 microns,,nannofossils
Reticulofenestra hillae,,,Reticulofenestra,,,,hillae,,,,,nannofossils
Reticulofenestra lockeri,,,Reticulofenestra,,,,lockeri,,,,,nannofossils
Reticulofenestra lockerii,,,Reticulofenestra,,,,lockeri,,,,,nannofossils
Reticulofenestra minuta,,,Reticulofenestra,,,,minuta,,,,,nannofossils
Reticulofenestra minuta (<3 microns),,,Reticulofenestra,,,,minuta,,,<3 microns,,nannofossils
Reticulofenestra minutula,,,Reticulofenestra,,,,minutula,,,,,nannofossils
Reticulofenestra minutula (3-5 microns),,,Reticulofenestra,,,,minutula,,,3-5 microns,,nannofossils
Reticulofenestra oamaruensis,,,Reticulofenestra,,,,oamaruensis,,,,,nannofossils
Reticulofenestra perplexa,,,Reticulofenestra,,,,perplexa,,,,,nannofossils
Reticulofenestra producta,,,Reticulofenestra,,,,producta,,,,,nannofossils
Reticulofenestra pseudoumbilicus,,,Reticulofenestra,,,,pseudoumbilicus,,,,,nannofossils
Reticulofenestra pseudoumbilicus (5-7 microns),,,Reticulofenestra,,,,pseudoumbilicus,,,5-7 microns,,nannofossils
Reticulofenestra pseudoumbilicus (>7 microns),,,Reticulofenestra,,,,pseudoumbilicus,,,>7 microns,,nannofossils
Reticulofenestra reticulata,,,Reticulofenestra,,,,reticulata,,,,,nannofossils
Reticulofenestra rotaria,,,Reticulofenestra,,,,rotaria,,,,,nannofossils
Reticulofenestra samodurovii,,,Reticulofenestra,,,,samodurovii,,,,,nannofossils
Reticulofenestra scrippsae,,,Reticulofenestra,,,,scrippsae,,,,,nannofossils
Reticulofenestra sp. small,,,Reticulofenestra,,,,sp.,,,small,,nannofossils
Reticulofenestra sp. (3-5 microns),,,Reticulofenestra,,,,sp.,,,3-5 microns,,nannofossils
Reticulofenestra sp. (5-7 microns),,,Reticulofenestra,,,,sp.,,,5-7 microns,,nannofossils
Reticulofenestra sp. (<3 microns),,,Reticulofenestra,,,,sp.,,,<3 microns,,nannofossils
Reticulofenestra sp. (>7 microns),,,Reticulofenestra,,,,sp.,,,>7 microns,,nannofossils
Reticulofenestra <sp. 1>,,,Reticulofenestra,,,,sp.,,,,Reticulofenestra sp. 1,nannofossils
Reticulofenestra spp.,,,Reticulofenestra,,,,spp.,,,,,nannofossils
Reticulofenestra spp. small,,,Reticulofenestra,,,,spp.,,,small,,nannofossils
Reticulofenestra stavensis,,,Reticulofenestra,,,,stavensis,,,,,nannofossils
Reticulofenestra umbilicus,,,Reticulofenestra,,,,umbilicus,,,,,nannofossils
Reticulofenestra umbilicus (>14 microns),,,Reticulofenestra,,,,umbilicus,,,>14 microns,,nannofossils
Reticulofenestra isabellae,,,Reticulofenestra,,,,isabellae,,,,,nannofossils
Rhabdosphaera clavigera,,,Rhabdosphaera,,,,clavigera,,,,,nannofossils
Rhabdosphaera sicca,,,Rhabdosphaera,,,,sicca,,,,,nannofossils
Rhabdosphaera spp.,,,Rhabdosphaera,,,,spp.,,,,,nannofossils
Rhabdosphaera tenuis,,,Rhabdosphaera,,,,tenuis,,,,,nannofossils
Rhagodiscus achylostaurion,,,Rhagodiscus,,,,achylostaurion,,,,,nannofossils
Rhagodiscus angustus,,,Rhagodiscus,,,,angustus,,,,,nannofossils
Rhagodiscus asper,,,Rhagodiscus,,,,asper,,,,,nannofossils
Rhagodiscus indistinctus,,,Rhagodiscus,,,,indistinctus,,,,,nannofossils
Rhagodiscus robustus,,,Rhagodiscus,,,,robustus,,,,,nannofossils
Rhomboaster bramlettei,,,Rhomboaster,,,,bramlettei,,,,,nannofossils
Rhomboaster calcitrapa,,,Rhomboaster,,,,calcitrapa,,,,,nannofossils
Rhomboaster cuspis,,,Rhomboaster,,,,cuspis,,,,,nannofossils
Rhomboaster spp.,,,Rhomboaster,,,,spp.,,,,,nannofossils
Rhomboaster svabenickiae,,,Rhomboaster,,,,svabenickiae,,,,,nannofossils
Rotelapillus sp.,,,Rotelapillus,,,,sp.,,,,,nannofossils
Rotelapillus biarcus,,,Rotelapillus,,,,biarcus,,,,,nannofossils
Rotelapillus crenulatus,,,Rotelapillus,,,,crenulatus,,,,,nannofossils
Rotelapillus laffittei,,,Rotelapillus,,,,laffittei,,,,,nannofossils
Rucinolithus magnus,,,Rucinolithus,,,,magnus,,,,,nannofossils
Rucinolithus wisei,,,Rucinolithus,,,,wisei,,,,,nannofossils
Scyphosphaera spp.,,,Scyphosphaera,,,,spp.,,,,,nannofossils
Scrippsiella sp.,,,Scrippsiella,,,,sp.,,,,,nannofossils
Scyphosphaera apsteinii,,,Scyphosphaera,,,,apsteinii,,,,,nannofossils
Scyphosphaera apsteinii forma dilatata,,,Scyphosphaera,,,,apsteinii,forma,dilatata,,,nannofossils
Scyphosphaera canescens,,,Scyphosphaera,,,,canescens,,,,,nannofossils
Scyphosphaera cylindrica,,,Scyphosphaera,,,,cylindrica,,,,,nannofossils
Scyphosphaera globulata,,,Scyphosphaera,,,,globulata,,,,,nannofossils
Scyphosphaera intermedia,,,Scyphosphaera,,,,intermedia,,,,,nannofossils
Scyphosphaera lagena,,,Scyphosphaera,,,,lagena,,,,,nannofossils
Scyphosphaera pulcherrima,,,Scyphosphaera,,,,pulcherrima,,,,,nannofossils
Scyphosphaera ventriosa,,,Scyphosphaera,,,,ventriosa,,,,,nannofossils
Seribiscutum primitivum,,,Seribiscutum,,,,primitivum,,,,,nannofossils
Gephyrocapsa <spp. (small)>,,,Gephyrocapsa,,,,spp.,,,small,Small Gephyrocapsa spp.,nannofossils
Solidopons petrae,,,Solidopons,,,,petrae,,,,,nannofossils
Speetonia colligata,,,Speetonia,,,,colligata,,,,,nannofossils
Speetonia sp.,,,Speetonia,,,,sp.,,,,,nannofossils
Sphenolithus abies,,,Sphenolithus,,,,abies,,,,,nannofossils
Sphenolithus akropodus,,,Sphenolithus,,,,akropodus,,,,,nannofossils
Sphenolithus anarrhopus,,,Sphenolithus,,,,anarrhopus,,,,,nannofossils
Sphenolithus arthurii,,,Sphenolithus,,,,arthurii,,,,,nannofossils
Sphenolithus belemnos,,,Sphenolithus,,,,belemnos,,,,,nannofossils
Sphenolithus calyculus,,,Sphenolithus,,,,calyculus,,,,,nannofossils
Sphenolithus capricornutus,,,Sphenolithus,,,,capricornutus,,,,,nannofossils
Sphenolithus celsus,,,Sphenolithus,,,,celsus,,,,,nannofossils
Sphenolithus ciperoensis,,,Sphenolithus,,,,ciperoensis,,,,,nannofossils
Sphenolithus conicus,,,Sphenolithus,,,,conicus,,,,,nannofossils
Sphenolithus conspicuus,,,Sphenolithus,,,,conspicuus,,,,,nannofossils
Sphenolithus cuniculus,,,Sphenolithus,,,,cuniculus,,,,,nannofossils
Sphenolithus delphix,,,Sphenolithus,,,,delphix,,,,,nannofossils
Sphenolithus disbelemnos,,,Sphenolithus,,,,disbelemnos,,,,,nannofossils
Sphenolithus dissimilis,,,Sphenolithus,,,,dissimilis,,,,,nannofossils
Sphenolithus distentus,,,Sphenolithus,,,,distentus,,,,,nannofossils
Sphenolithus editus,,,Sphenolithus,,,,editus,,,,,nannofossils
Sphenolithus furcatolithoides,,,Sphenolithus,,,,furcatolithoides,,,,,nannofossils
Sphenolithus furcatolithoides morph A,,,Sphenolithus,,,,furcatolithoides,morph,"""A""",,,nannofossils
Sphenolithus furcatolithoides morph B,,,Sphenolithus,,,,furcatolithoides,morph,"""B""",,,nannofossils
Sphenolithus grandis,,,Sphenolithus,,,,grandis,,,,,nannofossils
Sphenolithus heteromorphus,,,Sphenolithus,,,,heteromorphus,,,,,nannofossils
Sphenolithus moriformis,,,Sphenolithus,,,,moriformis,,,,,nannofossils
Sphenolithus moriformis gr.,,,Sphenolithus,,,,moriformis,,group,,,nannofossils
Sphenolithus neoabies,,,Sphenolithus,,,,neoabies,,,,,nannofossils
Sphenolithus obtusus,,,Sphenolithus,,,,obtusus,,,,,nannofossils
Sphenolithus orphanknollensis,,,Sphenolithus,,,,orphanknollensis,,,,,nannofossils
Sphenolithus pospichalii,,,Sphenolithus,,,,pospichalii,,,,,nannofossils
Sphenolithus predistentus,,,Sphenolithus,,,,predistentus,,,,,nannofossils
Sphenolithus primus,,,Sphenolithus,,,,primus,,,,,nannofossils
Sphenolithus pseudoheteromorphus,,,Sphenolithus,,,,pseudoheteromorphus,,,,,nannofossils
Sphenolithus pseudoradians,,,Sphenolithus,,,,pseudoradians,,,,,nannofossils
Sphenolithus radians,,,Sphenolithus,,,,radians,,,,,nannofossils
Sphenolithus runus,,,Sphenolithus,,,,runus,,,,,nannofossils
Sphenolithus spiniger,,,Sphenolithus,,,,spiniger,,,,,nannofossils
Sphenolithus spp.,,,Sphenolithus,,,,spp.,,,,,nannofossils
Sphenolithus strigosus,,,Sphenolithus,,,,strigosus,,,,,nannofossils
Sphenolithus tribulosus,,,Sphenolithus,,,,tribulosus,,,,,nannofossils
Sphenolithus villae,,,Sphenolithus,,,,villae,,,,,nannofossils
Staurolithites sp.,,,Staurolithites,,,,sp.,,,,,nannofossils
Staurolithites angustus,,,Staurolithites,,,,angustus,,,,,nannofossils
Staurolithites flavus,,,Staurolithites,,,,flavus,,,,,nannofossils
Staurolithites gausorhethium,,,Staurolithites,,,,gausorhethium,,,,,nannofossils
Staurolithites mutterlosei,,,Staurolithites,,,,mutterlosei,,,,,nannofossils
Staurolithites siesseri,,,Staurolithites,,,,siesseri,,,,,nannofossils
Staurolithites spp.,,,Staurolithites,,,,spp.,,,,,nannofossils
Stoverius achylosus,,,Stoverius,,,,achylosus,,,,,nannofossils
Stoverius coronatus,,,Stoverius,,,,coronatus,,,,,nannofossils
Syracosphaera histrica,,,Syracosphaera,,,,histrica,,,,,nannofossils
Syracosphaera lamina,,,Syracosphaera,,,,lamina,,,,,nannofossils
Syracosphaera pulchra,,,Syracosphaera,,,,pulchra,,,,,nannofossils
Syracosphaera spp.,,,Syracosphaera,,,,spp.,,,,,nannofossils
Syracosphaera <spp. (Neogene)>,,,Syracosphaera,,,,spp.,,,,Syracosphaera spp. (Neogene),nannofossils
Syracosphaera <spp. (Paleogene)>,,,Syracosphaera,,,,spp.,,,,Syracosphaera spp. (Paleogene),nannofossils
Tegumentum sp.,,,Tegumentum,,,,sp.,,,,,nannofossils
Tegumentum stradneri,,,Tegumentum,,,,stradneri,,,,,nannofossils
Tetralithoides quadrilaminata,,,Tetralithoides,,,,quadrilaminata,,,,,nannofossils
Tetralithoides symeonidesii,,,Tetralithoides,,,,symeonidesii,,,,,nannofossils
Tetrapodorhabdus decorus,,,Tetrapodorhabdus,,,,decorus,,,,,nannofossils
Thiersteinia ecclesiastica,,,Thiersteinia,,,,ecclesiastica,,,,,nannofossils
Thoracosphaera heimii,,,Thoracosphaera,,,,heimii,,,,,nannofossils
Thoracosphaera sp.,,,Thoracosphaera,,,,sp.,,,,,nannofossils
Thoracosphaera spp.,,,Thoracosphaera,,,,spp.,,,,,nannofossils
Toweius callosus,,,Toweius,,,,callosus,,,,,nannofossils
Toweius crassus,,,Toweius,,,,crassus,,,,,nannofossils
Toweius eminens,,,Toweius,,,,eminens,,,,,nannofossils
Toweius gammation,,,Toweius,,,,gammation,,,,,nannofossils
Toweius magnicrassus,,,Toweius,,,,magnicrassus,,,,,nannofossils
Toweius occultatus,,,Toweius,,,,occultatus,,,,,nannofossils
Toweius pertusus,,,Toweius,,,,pertusus,,,,,nannofossils
Toweius rotundus,,,Toweius,,,,rotundus,,,,,nannofossils
Toweius serontinus,,,Toweius,,,,serontinus,,,,,nannofossils
Toweius spp.,,,Toweius,,,,spp.,,,,,nannofossils
Toweius tovae,,,Toweius,,,,tovae,,,,,nannofossils
Tranolithus orionatus,,,Tranolithus,,,,orionatus,,,,,nannofossils
Tranolithus phacelosus,,,Tranolithus,,,,phacelosus,,,,,nannofossils
Tribrachiatus absidatus,,,Tribrachiatus,,,,absidatus,,,,,nannofossils
Tribrachiatus bramlettei,,,Tribrachiatus,,,,bramlettei,,,,,nannofossils
Tribrachiatus contortus,,,Tribrachiatus,,,,contortus,,,,,nannofossils
Tribrachiatus digitalis,,,Tribrachiatus,,,,digitalis,,,,,nannofossils
Tribrachiatus orthostylus,,,Tribrachiatus,,,,orthostylus,,,,,nannofossils
Triquetrorhabdulus carinatus,,,Triquetrorhabdulus,,,,carinatus,,,,,nannofossils
Triquetrorhabdulus challengeri,,,Triquetrorhabdulus,,,,challengeri,,,,,nannofossils
Triquetrorhabdulus finifer,,,Triquetrorhabdulus,,,,finifer,,,,,nannofossils
Triquetrorhabdulus longus,,,Triquetrorhabdulus,,,,longus,,,,,nannofossils
Triquetrorhabdulus milowii,,,Triquetrorhabdulus,,,,milowii,,,,,nannofossils
Triquetrorhabdulus rioi,,,Triquetrorhabdulus,,,,rioi,,,,,nannofossils
Triquetrorhabdulus rugosus,,,Triquetrorhabdulus,,,,rugosus,,,,,nannofossils
Triquetrorhabdulus <sp. (long needle-like)>,,,Triquetrorhabdulus,,,,sp.,,,,Triquetrorhabdulus sp. (long needle like),nannofossils
Triquetrorhabdulus <sp. (long needle-like)>,,,Triquetrorhabdulus,,,,sp.,,,,Triquetrorhabdulus sp. (long needle-like),nannofossils
Triquetrorhabdulus <sp. (long)>,,,Triquetrorhabdulus,,,,sp.,,,,Triquetrorhabdulus sp. (long),nannofossils
Triquetrorhabdulus striatus,,,Triquetrorhabdulus,,,,striatus,,,,,nannofossils
Umbellosphaera irregularis,,,Umbellosphaera,,,,irregularis,,,,,nannofossils
Umbellosphaera tenuis,,,Umbellosphaera,,,,tenuis,,,,,nannofossils
Umbilicosphaera bramlettei,,,Umbilicosphaera,,,,bramlettei,,,,,nannofossils
Umbilicosphaera foliosa,,,Umbilicosphaera,,,,foliosa,,,,,nannofossils
Umbilicosphaera hulburtiana,,,Umbilicosphaera,,,,hulburtiana,,,,,nannofossils
Umbilicosphaera jafari,,,Umbilicosphaera,,,,jafari,,,,,nannofossils
Umbilicosphaera jordanii,,,Umbilicosphaera,,,,jordanii,,,,,nannofossils
Umbilicosphaera rotula,,,Umbilicosphaera,,,,rotula,,,,,nannofossils
Umbilicosphaera sibogae,,,Umbilicosphaera,,,,sibogae,,,,,nannofossils
Umbilicosphaera sibogae var. foliosa,,,Umbilicosphaera,,,,sibogae,var.,foliosa,,,nannofossils
Umbilicosphaera sp.,,,Umbilicosphaera,,,,sp.,,,,,nannofossils
Uniplanarius sp.,,,Uniplanarius,,,,sp.,,,,,nannofossils
Uniplanarius gothicus,,,Uniplanarius,,,,gothicus,,,,,nannofossils
Uniplanarius sissinghii,,,Uniplanarius,,,,sissinghii,,,,,nannofossils
Uniplanarius trifidus,,,Uniplanarius,,,,trifidus,,,,,nannofossils
Watznaueria sp.,,,Watznaueria,,,,sp.,,,,,nannofossils
Watznaueria barnesiae,,,Watznaueria,,,,barnesiae,,,,,nannofossils
Watznaueria bayackii,,,Watznaueria,,,,bayackii,,,,,nannofossils
Watznaueria biporta,,,Watznaueria,,,,biporta,,,,,nannofossils
Watznaueria britannica,,,Watznaueria,,,,britannica,,,,,nannofossils
Watznaueria fossacincta,,,Watznaueria,,,,fossacincta,,,,,nannofossils
Watznaueria ovata,,,Watznaueria,,,,ovata,,,,,nannofossils
Zeugrhabdotus sp.,,,Zeugrhabdotus,,,,sp.,,,,,nannofossils
Zeugrhabdotus bicrescenticus,,,Zeugrhabdotus,,,,bicrescenticus,,,,,nannofossils
Zeugrhabdotus embergeri,,,Zeugrhabdotus,,,,embergeri,,,,,nannofossils
Zeugrhabdotus erectus,,,Zeugrhabdotus,,,,erectus,,,,,nannofossils
Zeugrhabdotus kerguelenensis,,,Zeugrhabdotus,,,,kerguelenensis,,,,,nannofossils
Zeugrhabdotus praesigmoides,,,Zeugrhabdotus,,,,praesigmoides,,,,,nannofossils
Zeugrhabdotus scutula,,,Zeugrhabdotus,,,,scutula,,,,,nannofossils
Zeugrhabdotus sigmoides,,,Zeugrhabdotus,,,,sigmoides,,,,,nannofossils
Zeugrhabdotus sisyphus,,,Zeugrhabdotus,,,,sisyphus,,,,,nannofossils
Zeugrhabdotus trivectis,,,Zeugrhabdotus,,,,trivectis,,,,,nannofossils
Zeugrhabdotus xenotus,,,Zeugrhabdotus,,,,xenotus,,,,,nannofossils
Zygodiscus plectopons,,,Zygodiscus,,,,plectopons,,,,,nannofossils
Zygrhablithus bijugatus,,,Zygrhablithus,,,,bijugatus,,,,,nannofossils
Gephyrocapsa <spp. medium>,,,Gephyrocapsa,,,,spp.,,,medium,medium Gephyrocapsa group,nannofossils
Gephyrocapsa <spp. (<4 microns)>,,,Gephyrocapsa,,,,spp.,,,<4 microns,small Gephyrocapsa (<4 microns),nannofossils
