Any taxon above genus,genus modifier,genus name,subgenera modifier,subgenera name,species modifier,species name,subspecies modifier,subspecies name,non-taxa descriptor,normalized_name,taxon_group,verbatim_name,comments
Textulariia indet.,,,,,,,,,,Textulariia indet.,benthic_forams,Agglutinated Foram. gen. et sp. indet.,
Textulariia indet.,,,,,,,,,,Textulariia indet.,benthic_forams,Agglutinated indet.,
,,Alabaminella,,,,weddelensis,,,,Alabaminella weddelensis,benthic_forams,Alabaminella weddelensis,
,,Alabamina,,,,sp.,,,,Alabamina sp.,benthic_forams,Alabammina sp.,
,,Alabaminella,,,,weddelensis,,,,Alabaminella weddelensis,benthic_forams,Alabamminella weddelensis,
,,Ammodiscus,,,,latus,,,,Ammodiscus latus,benthic_forams,Ammodiscus latus,
,,Ammonia,,,,parkinsoniana,f.,aoteana,,Ammonia parkinsoniana f. aoteana,benthic_forams,Ammonia parkinsoniana f. aoteana,
,,Amphicoryna,,,,sp.,,,,Amphicoryna sp.,benthic_forams,Amphicoryna,
,,Anomalina,,,,spherica,,,,Anomalina spherica,benthic_forams,Anomalina spherica,
,,Anomalinoides,,,cf.,globulosus,,,,Anomalinoides cf. globulosus,benthic_forams,Anomalinoides cf. globulosus,
,,Anomalinoides,,,,parvumbilia,,,,Anomalinoides parvumbilia,benthic_forams,Anomalinoides parvumbilia,
,,Anomalinoides,,,,parvumbilia,,,,Anomalinoides parvumbilia,benthic_forams,Anomalinoides parvumbilianus,
,,Anomalinoides,,,,parvumbilia,,,,Anomalinoides parvumbilia,benthic_forams,Anomalinoides parvumbilius,
,,Anomalinoides,,,,sp. A,,,,Anomalinoides sp. A,benthic_forams,Anomalinoides sp. A,
,,Anomalinoides,,,,sp. B,,,,Anomalinoides sp. B,benthic_forams,Anomalinoides sp. B,
,,Anomalinoides,,,,sp.,,,,Anomalinoides sp.,benthic_forams,Anomalinoides sp. indet.,
,,Anomalinoides,,,,sp. A,,,,Anomalinoides sp. A,benthic_forams,Anomalinoides sp.A,
,,Anomalinoides,,,,sphericus,,,,Anomalinoides sphericus,benthic_forams,Anomalinoides sphericus,
,,Anomalinoides,,,,subnonionoides,,,,Anomalinoides subnonionoides,benthic_forams,Anomalinoides subnonionoides,
,?,Anomalinoides,,,,sp.,,,,? Anomalinoides sp.,benthic_forams,Anomalinoides? sp.,
,,Astrononion,,,,spp.,,,,Astrononion spp.,benthic_forams,Astorononion spp.,
,,Astrononion,,,,kickinskii,,,,Astrononion kickinskii,benthic_forams,Astrononion kickinskii,
,,Astrononion,,,,sp.,,,,Astrononion sp.,benthic_forams,Astrononion sp. indet.,
,,Astrorhiza,,,,sp.,,,,Astrorhiza sp.,benthic_forams,Astrorhiza sp.?,
,,Awhea,,,,tosta,,,,Awhea tosta,benthic_forams,Awhea tosta,
,,Bolivina,,,,sp.,,,,Bolivina sp.,benthic_forams,Bolivina,
,,Bolivina,,,,affiliata,,,,Bolivina affiliata,benthic_forams,Bolivina affiliata,
,,Bolivina,,,,sp. 1,,,,Bolivina sp. 1,benthic_forams,Bolivina sp. 1,
,,Bolivina,,,,sp. A,,,,Bolivina sp. A,benthic_forams,Bolivina sp. A,
,,Bolivinita,,,cf.,pliozea,,,,Bolivinita cf. pliozea,benthic_forams,Bolivinita cf. pliozea,
,,Bolivinita,,,cf.,pohana,,,,Bolivinita cf. pohana,benthic_forams,Bolivinita pohana (cf.),
,,Botellina,,,,labyrinthica,,,,Botellina labyrinthica,benthic_forams,Botellina labyrinthica,
,,Brizalina,,,cf.,spathula,,,,Brizalina cf. spathula,benthic_forams,Brizalina cf. spathula,
,,Brizalina,,,,pussilla,,,,Brizalina pussilla,benthic_forams,Brizalina pussilla,
,,Brizalina,,,,pygmaea,,,,Brizalina pygmaea,benthic_forams,Brizalina pygmaea,
,,Bulimina,,,,sp.,,,,Bulimina sp.,benthic_forams,Bulimina,
,,Bulimina,,,,aculeata,,,cf. smooth,Bulimina aculeata (cf. smooth),benthic_forams,Bulimina aculeata (cf. smooth),
,,Bulimina,,,aff.,exilis,,,,Bulimina aff. exilis,benthic_forams,Bulimina aff. exilis,
,,Bulimina,,,aff.,mexicana,,,,Bulimina aff. mexicana,benthic_forams,Bulimina aff. mexicana,
,,Bulimina,,,aff.,striata,,,,Bulimina aff. striata,benthic_forams,Bulimina aff. striata,
,,Bulimina,,,,pyrula,,spinescens,,Bulimina pyrula spinescens,benthic_forams,Bulimina pyrula spinescens,
,,Bulimina,,,,sp. A,,,,Bulimina sp. A,benthic_forams,Bulimina sp.  A,
,,Bulimina,,,,sp. B,,,,Bulimina sp. B,benthic_forams,Bulimina sp. B,
,,Bulimina,,,,sp. C,,,,Bulimina sp. C,benthic_forams,Bulimina sp. C,
,,Bulimina,,,,sp.,,,,Bulimina sp.,benthic_forams,Bulimina sp. indet.,
,,Bulimina,,,cf.,striata,,,,Bulimina cf. striata,benthic_forams,Bulimina striata (cf.),
Foraminifera indet.,,Foraminifera,,,,indet.,,,,Foraminifera indet. Foraminifera indet.,benthic_forams,Calc. Hyaline Foram. gen. et sp. indet.,Calc. Hyaline Foram. gen. et sp. indet.
,,Cancris,,,cf.,phillipinensis,,,,Cancris cf. phillipinensis,benthic_forams,Cancris cf. phillipinensis,
,,Cassidulina,,,,sp.,,,,Cassidulina sp.,benthic_forams,Cassidulina,
,,Cassidulina,,,,laevigata,var.,carinata,,Cassidulina laevigata var. carinata,benthic_forams,Cassidulina laevigata var. carinata,
,,Cassidulina,,,,neocarinata,,,,Cassidulina neocarinata,benthic_forams,Cassidulina neocarinata,
,,Cassidulina,,,,sp. A,,,,Cassidulina sp. A,benthic_forams,Cassidulina sp. A,
,,Cassidulina,,,,sp.,,,,Cassidulina sp.,benthic_forams,Cassidulina sp. indet.,
,?,Cassidulina,,,,sp.,,,,? Cassidulina sp.,benthic_forams,Cassidulina? sp.,
,,Caudammina,,,,sp.,,,,Caudammina sp.,benthic_forams,Caudamina sp.,
,,Chrysalogonium,,,,sp.,,,,Chrysalogonium sp.,benthic_forams,Chrysalogonium sp. indet.,
,,Cibicides,,,,sp.,,,,Cibicides sp.,benthic_forams,Cibicides,
,,Cibicides,,,,deliquatus,,,,Cibicides deliquatus,benthic_forams,Cibicides deliquatus,
,,Cibicidoides,,,cf.,perforatus,,,,Cibicidoides cf. perforatus,benthic_forams,Cibicidoides cf. perforatus,
,,Cibicidoides,,,cf.,subhaidingerii,,,,Cibicidoides cf. subhaidingerii,benthic_forams,Cibicidoides cf. subhaidingerii,
,,Cibicidoides,,,,eocanus,,,,Cibicidoides eocanus,benthic_forams,Cibicidoides eocanus,
,,Cibicidoides,,,,grimusdalei,,,,Cibicidoides grimusdalei,benthic_forams,Cibicidoides grimusdalei,
,,Cibicidoides,,,,havannsis,,,,Cibicidoides havannsis,benthic_forams,Cibicidoides havannsis,
,,Cibicidoides,,,,neoperforatus,,,,Cibicidoides neoperforatus,benthic_forams,Cibicidoides neoperforatus,
,,Cibicidoides,,,,perforatus,,,,Cibicidoides perforatus,benthic_forams,Cibicidoides perforatus,
,,Cibicidoides,,,,premundulus,,,,Cibicidoides premundulus,benthic_forams,Cibicidoides premundulus,
,,Cibicidoides,,,,sp. A,,,,Cibicidoides sp. A,benthic_forams,Cibicidoides sp. A,
,,Cibicidoides,,,,sp. B,,,,Cibicidoides sp. B,benthic_forams,Cibicidoides sp. B,
,,Cibicidoides,,,,sp. C,,,,Cibicidoides sp. C,benthic_forams,Cibicidoides sp. C,
,,Cibicidoides,,,,sp.,,,,Cibicidoides sp.,benthic_forams,Cibicidoides sp. indet.,
,,Cornuspira,,,,sp.,,,,Cornuspira sp.,benthic_forams,Cornuspira,
,,Cyclammina,,,,sp.,,,,Cyclammina sp.,benthic_forams,Cyclammina,
,,Discorbinella,,,,sp.,,,,Discorbinella sp.,benthic_forams,Discorbinella,
,,Dorothia,,,,pseudofiliformis,,,,Dorothia pseudofiliformis,benthic_forams,Dorothia pseudofiliformis,
,,Dyocibicides,,,,primitiva,,,,Dyocibicides primitiva,benthic_forams,Dyocibicides primitiva,
,,Eggerella,,,,sp. A,,,,Eggerella sp. A,benthic_forams,Eggerella sp. A,
,,Ehrenbergina,,,,mestayeri,,,,Ehrenbergina mestayeri,benthic_forams,Eherenbergina mestateri,
,,Ehrenbergina,,,,sp.,,,,Ehrenbergina sp.,benthic_forams,Ehrenbergina,
,,Elphidium,,,,sp.,,,,Elphidium sp.,benthic_forams,Elphidium,
,,Elphidium,,,,advenum,f.,limbatum,,Elphidium advenum f. limbatum,benthic_forams,Elphidium advenum (f.limbatum),
,,Elphidium,,,,advenum,f.,limbatum,,Elphidium advenum f. limbatum,benthic_forams,Elphidium advenum f. limbatum,
,,Elphidium,,,cf.,batialis,,,,Elphidium cf. batialis,benthic_forams,Elphidium cf. batialis,
,,Elphidium,,,,charlottense,,,,Elphidium charlottense,benthic_forams,Elphidium charlottense,
,,Elphidium,,,,excavatum,f.,clavatum,,Elphidium excavatum f. clavatum,benthic_forams,Elphidium excavatum f.clavatum,
,,Epistominella,,,,sp. A,,,,Epistominella sp. A,benthic_forams,Epistominella sp. A,
,,Euuvigerina,,,,sp.,,,,Euuvigerina sp.,benthic_forams,Euuvigerina,
,,Euuvigerina,,,cf.,miozea,,,,Euuvigerina cf. miozea,benthic_forams,Euuvigerina miozea (cf.),
,,Euuvigerina,,,,peregrina,,,,Euuvigerina peregrina,benthic_forams,Euuvigerina peregrina,
,,Euuvigerina,,,cf.,peregrina,,,,Euuvigerina cf. peregrina,benthic_forams,Euuvigerina peregrina (cf.),
,,Euuvigerina,,,cf.,rodleyi,,,,Euuvigerina cf. rodleyi,benthic_forams,Euuvigerina rodleyi (cf.),
,,Evolvocassidulina,,,cf.,howei,,,,Evolvocassidulina cf. howei,benthic_forams,Evolvecassidulina cf. howei,
,,Evolvocassidulina,,,,orientalis,,,,Evolvocassidulina orientalis,benthic_forams,Evolvocassidulina orientalis,
,,Fissurina,,,,sp.,,,,Fissurina sp.,benthic_forams,Fissurina,
,,Fissurina,,,,sp.,,,,Fissurina sp.,benthic_forams,Fissurina sp,
Foraminifera indet.,,,,,,,,,,Foraminifera indet.,benthic_forams,Fistulose? sp.,Fistulose? sp.
,,Fursenkoina,,,,sp.,,,,Fursenkoina sp.,benthic_forams,Fursenkoina,
,,Gaudryina,,,,sp.,,,,Gaudryina sp.,benthic_forams,Gaudryina sp. indet,
,,Gavelinopsis,,,,sp.,,,,Gavelinopsis sp.,benthic_forams,Gavelinopsis,
,,Gavelinopsis,,,,hamatus,,,,Gavelinopsis hamatus,benthic_forams,Gavelinopsis hamatus,
,,Gavelinopsis,,,,spp.,,,,Gavelinopsis spp.,benthic_forams,Gavelinopsis spp.,
,,Globocassidulina,,,,canalisutulata,,,,Globocassidulina canalisutulata,benthic_forams,Globocassidulina canalisutulata,
,,Globocassidulina,,,,cuneata,,,,Globocassidulina cuneata,benthic_forams,Globocassidulina cuneata,
,,Globocassidulina,,,,sp. A,,,,Globocassidulina sp. A,benthic_forams,Globocassidulina sp. A,
,,Globocassidulina,,,,sp. B,,,,Globocassidulina sp. B,benthic_forams,Globocassidulina sp. B,
,,Glomospira,,,,challoides,,,,Glomospira challoides,benthic_forams,Glomospira challoides,
,,Glomospira,,,,goldialis,,,,Glomospira goldialis,benthic_forams,Glomospira goldialis,
,,Gyroidina,,,,sp.,,,,Gyroidina sp.,benthic_forams,Gyroidina,
,,Gyroidina,,,,danvillensis,,,,Gyroidina danvillensis,benthic_forams,Gyroidina danvillensis,
,,Gyroidinoides,,,,sp. A,,,,Gyroidinoides sp. A,benthic_forams,Gyroidinoides sp. A,
,,Gyroidinoides,,,,sp. B,,,,Gyroidinoides sp. B,benthic_forams,Gyroidinoides sp. B,
,,Gyroidinoides,,,,sp. C,,,,Gyroidinoides sp. C,benthic_forams,Gyroidinoides sp. C,
,,Gyroidinoides,,,,sp. D,,,,Gyroidinoides sp. D,benthic_forams,Gyroidinoides sp. D,
,,Gyroidinoides,,,,sp.,,,,Gyroidinoides sp.,benthic_forams,Gyroidinoides sp. indet.,
,,Haeuslerella,,,,finlayi,,,,Haeuslerella finlayi,benthic_forams,Haeuslella finlayi,
,,Haeuslerella,,,,sp.,,,,Haeuslerella sp.,benthic_forams,Haeuslerella,
,,Haeuslerella,,,,morgani,,,,Haeuslerella morgani,benthic_forams,Haeuslerella morgani,
,,Haeuslerella,,,,parri,,,,Haeuslerella parri,benthic_forams,Haeuslerella parri,
,,Haeuslerella,,,,pliocenica,,,,Haeuslerella pliocenica,benthic_forams,Haeuslerella pliocenica,
,,Haeuslerella,,,,pukekiensis,,,,Haeuslerella pukekiensis,benthic_forams,Haeuslerella pukekiensis,
,,Haeuslerella,,,,parri,,,,Haeuslerella parri,benthic_forams,Haeuslerlella parri,
,,Haplophragmoides,,,,sp.,,,,Haplophragmoides sp.,benthic_forams,Haplophragmoides sp. indet.,
,,Haynesina,,,,depressa,,,,Haynesina depressa,benthic_forams,Haynesina depressa,
,,Hormosinella,,,,guttifera,,,,Hormosinella guttifera,benthic_forams,Hormosinella guttifera,
,,Islandiella,,,,islandica,,,,Islandiella islandica,benthic_forams,Islandiella islandica,
,,"""Laevigata""",,,,sp.,,,,"""Laevigata"" sp.",benthic_forams,Laevigata sp.,
,,Lagena,,,,sp.,,,,Lagena sp.,benthic_forams,Lagena,
,,Lagena,,,?,striata,,,,Lagena ? striata,benthic_forams,Lagena striata?,
,,Laticarinina,,,,altocamerata,,,,Laticarinina altocamerata,benthic_forams,Laticarinina altocamerata,
,,Loxostomum,,,,karrerianum,,,,Loxostomum karrerianum,benthic_forams,Loxostmum karrerianum,
,,Loxostomum,,,,truncatum,,,,Loxostomum truncatum,benthic_forams,Loxostmum truncatum,
,,Marginulina,,,,sp.,,,,Marginulina sp.,benthic_forams,Marginulina,
,,Marginulinopsis,,,,sp.,,,,Marginulinopsis sp.,benthic_forams,Marginulinopsis,
,,Martinottiella,,,,sp.,,,,Martinottiella sp.,benthic_forams,Martinottiella,
,,Martinottiella,,,,communis,,,,Martinottiella communis,benthic_forams,Mattinotiella cummunis,
,,Melonis,,,,barleanum,,,,Melonis barleanum,benthic_forams,Melonis baeleanuum,
,,Melonis,,,,barleanum,,,,Melonis barleanum,benthic_forams,Melonis barleanum,
,,Melonis,,,,dorreeni,,,,Melonis dorreeni,benthic_forams,Melonis dorreeni,
,,Melonis,,,,pomplioides,,,,Melonis pomplioides,benthic_forams,Melonis pomplioides,
,,Myllostomella,,,,spp.,,,,Myllostomella spp.,benthic_forams,Myllostonella spp.,
,,Neugeborina,,,,ovicula,,,,Neugeborina ovicula,benthic_forams,Neugeborina ovicula,
,,Nodosaria,,,,spp.,,,,Nodosaria spp.,benthic_forams,Nodosalia spp.,
,,Nodosaria,,,,acuminata,,,,Nodosaria acuminata,benthic_forams,Nodosaria acuminata,
,,Nodosaria,,,,advena,,,,Nodosaria advena,benthic_forams,Nodosaria advena,
,,Nodosaria,,,aff.,pyrula,,,,Nodosaria aff. pyrula,benthic_forams,Nodosaria aff. pyrula,
,,Nonion,,,,affine,,,,Nonion affine,benthic_forams,Nonion affine,
,,Nothia,,,,robusta,,,,Nothia robusta,benthic_forams,Nothia robusta,
,,Notorotalia,,,,sp.,,,,Notorotalia sp.,benthic_forams,Notorotalia,
,,Notorotalia,,,,aucklandica,,,,Notorotalia aucklandica,benthic_forams,Notorotalia aucklandica,
,,Notorotalia,,,,hornibrooki,,,,Notorotalia hornibrooki,benthic_forams,Notorotalia clathrata (hornibrooki),
,,Notorotalia,,,,depressa,,,,Notorotalia depressa,benthic_forams,Notorotalia depressa,
,,Notorotalia,,,cf.,finlayi,,,,Notorotalia cf. finlayi,benthic_forams,Notorotalia finlayi (cf.),
,,Notorotalia,,,,hurupiensis,,,,Notorotalia hurupiensis,benthic_forams,Notorotalia hurupiensis,
,,Notorotalia,,,,inornata,,,,Notorotalia inornata,benthic_forams,Notorotalia inornata,
,,Notorotalia,,,,pliozea,,,,Notorotalia pliozea,benthic_forams,Notorotalia pliozea,
,,Notorotalia,,,,profunda,,,,Notorotalia profunda,benthic_forams,Notorotalia profunda,
,,Notorotalia,,,,sp. A,,,,Notorotalia sp. A,benthic_forams,Notorotalia sp. A (large plano-convex),large plano-convex
,,Notorotalia,,,,taranakia,,,,Notorotalia taranakia,benthic_forams,Notorotalia taranakia,
,,Notorotalia,,,,wilsoni,,,,Notorotalia wilsoni,benthic_forams,Notorotalia wilsoni,
,,Notorotalia,,,,zealandica,,,,Notorotalia zealandica,benthic_forams,Notorotalia zealandica,
,,Oolina,,,?,globosa,,,,Oolina ? globosa,benthic_forams,Oolina globosa?,
,,Pandaglandulina,,,,sp.,,,,Pandaglandulina sp.,benthic_forams,Pandaglandulina,
,,Paracassidulina,,,,neocarinata,,,,Paracassidulina neocarinata,benthic_forams,Paracassidulina neocarinata,
,,Paracassidulina,,,,sp.,,,,Paracassidulina sp.,benthic_forams,Paracassidulina sp.,
,,Portatrochammina,,,,bipolaris,,,,Portatrochammina bipolaris,benthic_forams,Paratrochammina bipolaris,
,,Paratrochammina,,,,challengeri,,,,Paratrochammina challengeri,benthic_forams,Paratrochammina challengeri,
,,Paratrochamminoides,,,,spp.,,,,Paratrochamminoides spp.,benthic_forams,Paratrochamminoides spp.,
,,Patellinella,,,,inconspicua,,,,Patellinella inconspicua,benthic_forams,Patellinella inconspicua,
,,Pileolina,,,,sp.,,,,Pileolina sp.,benthic_forams,Pileolina,
,,Planulina,,,,ariminensus,,,,Planulina ariminensus,benthic_forams,Planulina ariminensus,
,,Planulina,,,,costata,,,,Planulina costata,benthic_forams,Planulina costata,
,,Planulina,,,cf.,wuellerstorfi,,,,Planulina cf. wuellerstorfi,benthic_forams,Planulina wuellerstorfi (cf.),
,?,Planulina,,,,sp.,,,,? Planulina sp.,benthic_forams,Planulina? sp.,
,,Plectofrondicularia,,,,pohana,,,,Plectofrondicularia pohana,benthic_forams,Plectofrondicularia pohana,
,,Procerolagena,,,cf.,gracillima,,,,Procerolagena cf. gracillima,benthic_forams,Procerolagena cf. gracillima,
,,Proxifrons,,,,advena,,,,Proxifrons advena,benthic_forams,Proxifrons advena,
,,Pseudonodosaria,,,,sp.,,,,Pseudonodosaria sp.,benthic_forams,Pseudonodosaria,
,,Pseudonodosaria,,,,symmetrica,,,,Pseudonodosaria symmetrica,benthic_forams,Pseudonodosaria symmetrica,
,,Pseudoparrella,,,,spp.,,,,Pseudoparrella spp.,benthic_forams,Pseudoparrella spp.,
,,"""Pseudopleurostomella""",,,,spp.,,,,"""Pseudopleurostomella"" spp.",benthic_forams,Pseudopleurostomella spp.,
,,Pullenia,,,,sp.,,,,Pullenia sp.,benthic_forams,Pullenia,
,,Pullenia,,,,eocenica,,,,Pullenia eocenica,benthic_forams,Pullenia eocenica,
,,Pullenia,,,,sp. 1,,,,Pullenia sp. 1,benthic_forams,Pullenia sp. 1,
,,Pullenia,,,,sp. A,,,,Pullenia sp. A,benthic_forams,Pullenia sp. A,
,,Pullenia,,,,sp. B,,,,Pullenia sp. B,benthic_forams,Pullenia sp. B,
,,Pullenia,,,,sp.,,,,Pullenia sp.,benthic_forams,Pullenia sp. indet.,
,,Pygmaeseistron,,,aff.,hispida,,,,Pygmaeseistron aff. hispida,benthic_forams,Pygmaeseistron aff. hispida,
,,Pygmaeseistron,,,cf.,hispida,,,,Pygmaeseistron cf. hispida,benthic_forams,Pygmaeseistron cf. hispida,
,,Pyrgo,,,,sp.,,,,Pyrgo sp.,benthic_forams,Pyrgo,
,,Pyrgo,,,,anomala,,,,Pyrgo anomala,benthic_forams,Pyrgo anomala,
,,Pyrgo,,,,guerreri,,,,Pyrgo guerreri,benthic_forams,Pyrgo guerreri,
,,Pyrgo,,,,sp. B,,,,Pyrgo sp. B,benthic_forams,Pyrgo sp. B,
,?,Quadrimorphina,,,,sp.,,,,? Quadrimorphina sp.,benthic_forams,Quadrimorphina? sp.,
,,Quinqueloculina,,,,sp.,,,,Quinqueloculina sp.,benthic_forams,Quinqueloculina,
,,Quinqueloculina,,,,incisa,,,,Quinqueloculina incisa,benthic_forams,Quinqueloculina incisa,
,,Rectobolivina,,,,parvula,,,,Rectobolivina parvula,benthic_forams,Rectobolivina parvula,
,,Rectuvigerina,,,,senni,,,,Rectuvigerina senni,benthic_forams,Rectouvigerina senni,
,,Rectuvigerina,,,,pohana,,,,Rectuvigerina pohana,benthic_forams,Rectuvigerina pohana,
,,Reophax,,,,dentaliniformis,,,,Reophax dentaliniformis,benthic_forams,Reophax dentaliniformis,
,,Reticulophragmium,,,,amplectens,,,,Reticulophragmium amplectens,benthic_forams,Reticulophragmium amplectens,
,,Saracenaria,,,,italica,,,,Saracenaria italica,benthic_forams,Saracenaria italica,
,,Sigmoilopsis,,,,sp.,,,,Sigmoilopsis sp.,benthic_forams,Sigmoilopsis,
,,Sigmoilopsis,,,aff.,compressa,,,,Sigmoilopsis aff. compressa,benthic_forams,Sigmoilopsis aff. compressa,
,,Sigmoilopsis,,,aff.,wanganuiensis,,,,Sigmoilopsis aff. wanganuiensis,benthic_forams,Sigmoilopsis aff.wanganuiensis,
,,Siphonaperta,,,,sp.,,,,Siphonaperta sp.,benthic_forams,Siphonaperta,
,,Siphonaperta,,,,macbeathi,,,,Siphonaperta macbeathi,benthic_forams,Siphonaperta macbeathi,
,,Siphonodosaria,,,,antillea,,,,Siphonodosaria antillea,benthic_forams,Siphonodosaria antillea,
,,Siphonodosaria,,,,sp.,,,,Siphonodosaria sp.,benthic_forams,Siphonodosaria sp. indet.,
,,Siphonodosaria,,,,spinata,,,,Siphonodosaria spinata,benthic_forams,Siphonodosaria spinata,
,,Siphotextularia,,,,sp.,,,,Siphotextularia sp.,benthic_forams,Siphotextularia,
,,Siphotextularia,,,,subcylindrica,,,,Siphotextularia subcylindrica,benthic_forams,Siphotextularia subcylindrica,
,,Siphotextularia,,,,wairoana,,,,Siphotextularia wairoana,benthic_forams,Siphotexturalia wairoana,
,,Siphouvigerina,,,,sp.,,,,Siphouvigerina sp.,benthic_forams,Siphouvigerina,
,,Siphouvigerina,,,,canariensis,,,,Siphouvigerina canariensis,benthic_forams,Siphouvigerina canariensis,
,,Sphaeroidina,,,,bulloides,,,,Sphaeroidina bulloides,benthic_forams,Spheroidina bulloides,
,,Sphaeroidina,,,,bulloides,,,,Sphaeroidina bulloides,benthic_forams,Spheroidina bulloids,
,,Spiroloculina,,,,sp.,,,,Spiroloculina sp.,benthic_forams,Spiroloculina,
,,Spiroplectammina,,,,sp. A,,,,Spiroplectammina sp. A,benthic_forams,Spiroplectammina sp. A,
,,Spiroplectammina,,,,spectablis,,,,Spiroplectammina spectablis,benthic_forams,Spiroplectammina spectablis,
,,Spirosigmoilinella,,,,compressa,,,,Spirosigmoilinella compressa,benthic_forams,Spirosigmoillina compressa,
,,Spirosigmoilina,,,,tenuis,,,,Spirosigmoilina tenuis,benthic_forams,Spirosigmoilopsis tenuis,
,,Stainforthia,,,aff.,fusiformis,,,,Stainforthia aff. fusiformis,benthic_forams,Stainforthia aff. fusiformis,
,,Stilostomella,,,,sp.,,,,Stilostomella sp.,benthic_forams,Stilostomella,
,,Subreophax,,,,aduncus,,,,Subreophax aduncus,benthic_forams,Subreophax aduncus,
,,Takayanagia,,,,delicata,,,,Takayanagia delicata,benthic_forams,Takayanagia delicata,
,,Textularia,,,,sp.,,,,Textularia sp.,benthic_forams,Textularia,
,,Textularia,,,,miozea,,,,Textularia miozea,benthic_forams,Textularia miozea,
,,Textularia,,,,spp.,,,,Textularia spp.,benthic_forams,Texturalia spp.,
,,Trifarina,,,,sp.,,,,Trifarina sp.,benthic_forams,Trifarina,
,,Trifarina,,,,anglosa,,,,Trifarina anglosa,benthic_forams,Trifarina anglosa,
,,Triloculina,,,,sp.,,,,Triloculina sp.,benthic_forams,Triloculina,
,,Triloculina,,,cf.,trihedra,,,,Triloculina cf. trihedra,benthic_forams,Triloculina cf. trihedra,
,?,Trochammina,,,,sp.,,,,? Trochammina sp.,benthic_forams,Trochamminas? sp.,
,?,Trochamminoides,,,,sp.,,,,? Trochamminoides sp.,benthic_forams,Trochamminoides? sp.,
Textulariia indet.,,,,,,,,,,Textulariia indet.,benthic_forams,Tube-shaped agglutinated form.,Tube-shaped agglutinated form
,,Turrilina,,,,sp.,,,,Turrilina sp.,benthic_forams,Turrilina sp. indet.,
Textulariia indet.,,,,,,,,,,Textulariia indet.,benthic_forams,Undifferentiated agglutinate,Undifferentiated agglutinate
,,Uvigerina,,,cf.,peregrina,,,,Uvigerina cf. peregrina,benthic_forams,Uvigerina cf. peregrina,
,,Uvigerina,,,,peregrina,,pradyiana,,Uvigerina peregrina pradyiana,benthic_forams,Uvigerina peregrina pradyiana,
,,Uvigerina,,,,pliozea,,,,Uvigerina pliozea,benthic_forams,Uvigerina pliozea,
,,Uvigerina,,,,rodleyi,,,,Uvigerina rodleyi,benthic_forams,Uvigerina rodleyi,
,,Vaginulina,,,,sp.,,,,Vaginulina sp.,benthic_forams,Vaginulina,
,,Vaginulinopsis,,,,sp.,,,,Vaginulinopsis sp.,benthic_forams,Vaginulinopsis,
,,Valvulammina,,,,sp.,,,,Valvulammina sp.,benthic_forams,Valvalammina sp.,
,,Valvulina,,,,spinosa,,,,Valvulina spinosa,benthic_forams,Valvulina spinosa,
,,Veleroninoides,,,,jeffreysii,,,,Veleroninoides jeffreysii,benthic_forams,Velereninoides jeffreysii,
,,Veleroninoides,,,,sp.,,,,Veleroninoides sp.,benthic_forams,Veleronoides sp.,
,,Virgulopsis,,,,sp.,,,,Virgulopsis sp.,benthic_forams,Virgulopsis,
,,Virgulopsis,,,,petiae,,,,Virgulopsis petiae,benthic_forams,Virgulopsis petiae,
,,Virgulopsis,,,,turris,,,,Virgulopsis turris,benthic_forams,Virgulopsis turris,
,,Vulvulina,,,cf.,granulosa,,,,Vulvulina cf. granulosa,benthic_forams,Vulvulina cf. granulosa,
,,Achnanthes,,,,lanceolatum,,,,Achnanthes lanceolatum,diatoms,Achnanthes lanceolatum,
,,Actinocyclus,,,,sp. 1,,,,Actinocyclus sp. 1,diatoms,Actinocyclus sp. 1,
,,Actinocyclus,,,,sp. 2,,,,Actinocyclus sp. 2,diatoms,Actinocyclus sp. 2,
,,Actinocyclus,,,,sp. 1,,,,Actinocyclus sp. 1,diatoms,Actinocyclus sp.1,
,,Actinocyclus,,,,curvatulus,,,,Actinocyclus curvatulus,diatoms,Actinocycluscurvatulus,
,,Actinocyclus,,,,actinochilus,,,,Actinocyclus actinochilus,diatoms,Actinocylus actinochilus,
,,Actinocyclus,,,,karstenii,,,,Actinocyclus karstenii,diatoms,Actinocylus karstenii,
,,Actinoptychus,,,,senarius,,,,Actinoptychus senarius,diatoms,Actinoptycus senarius,
,,Amphora,,,,spp.,,,,Amphora spp.,diatoms,Amphora spp.,
,,Asteromphalus,,,,darwinii,,,,Asteromphalus darwinii,diatoms,Asteromphalus darwinii in Koizumi 1968,Asteromphalus darwinii in Koizumi 1968
,,Asteromphalus,,,,brookei,,,,Asteromphalus brookei,diatoms,Astromphalus brookei,
,,Azpeitia,,,cf.,tabularis,,,,Azpeitia cf. tabularis,diatoms,Azpeitia cf. tabularis,
,,Chaetoceros,,,,furcellatum,,,spores,Chaetoceros furcellatum (spores),diatoms,Chaetoceros furcellatum spores,
,,Chaetoceros,,,,resting,,,resting spore,Chaetoceros resting (resting spore),diatoms,Chaetoceros resting spore,
,,Chaetoceros,,,,resting,,,resting spore,Chaetoceros resting (resting spore),diatoms,Chaetoceros resting spores,
,,Chaetoceros,,,,sp.,,,spores,Chaetoceros sp. (spores),diatoms,Chaetoceros spores,
,,Chaetoceros,,,,spp.,,,Spores,Chaetoceros spp. (Spores),diatoms,Chaetoceros spp. Spores,
,,Chaetoceros,,,,spp.,,,resting spore,Chaetoceros spp. (resting spore),diatoms,Chaetoceros spp. resting spore,
,,Chaetoceros,,,,spp.,,,spores,Chaetoceros spp. (spores),diatoms,Chaetoceros spp. spores,
,,Chaetoceros,,,,spp.,,,vegetative spore,Chaetoceros spp. (vegetative spore),diatoms,Chaetoceros spp. vegetative spore,
,,Chaetoceros,,,,spp.,,,vegetative spore,Chaetoceros spp. (vegetative spore),diatoms,Chaetoceros vegetative spore,
,,Cocconeis,,,,californica,cf.,kerguelensis,,Cocconeis californica cf. kerguelensis,diatoms,Cocconeis californica cf. kerguelensis,
,,Cocconeis,,,,californica,cf.,kerguelensis,,Cocconeis californica cf. kerguelensis,diatoms,Cocconeis californica cf. kerguerensis,
,,Cocconeis,,,,fasciolata,,,,Cocconeis fasciolata,diatoms,Cocconeis fasciolata,
,,Cocconeis,,,,pribilofensis,,,,Cocconeis pribilofensis,diatoms,Cocconeis pribilofensis,
,,Cocconeis,,,,sp. 1,,,,Cocconeis sp. 1,diatoms,Cocconeis sp. 1,
,,Cocconeis,,,?,vitrea,,,,Cocconeis ? vitrea,diatoms,Cocconeis vitrea?,
,,Coscinodiscus,,,,oculus-iridis,,,,Coscinodiscus oculus-iridis,diatoms,Coscinodiscus oc-iridis,
,,Coscinodiscus,,,,oculus-iridis,,,,Coscinodiscus oculus-iridis,diatoms,Coscinodiscus oculus iridis,
,,Coscinodiscus,,,,sp. 1,,,,Coscinodiscus sp. 1,diatoms,Coscinodiscus sp. 1,
,,Delphineis,,,cf.,angustata,,,,Delphineis cf. angustata,diatoms,Delphineis cf. angustata,
,,Delphineis,,,cf.,angustata,,,,Delphineis cf. angustata,diatoms,Delpineis cf. angustata,
,,Diploneis,,,,angustata,,,,Diploneis angustata,diatoms,Diploneis angustata,
,,Diploneis,,,,splendida,,,,Diploneis splendida,diatoms,Diploneis splendida,
,,Encyonema,,,,lacustre,,,,Encyonema lacustre,diatoms,Encyonema lacustre,
,,Encyonema,,,,spp.,,,,Encyonema spp.,diatoms,Encyonema spp.,
,,Encyonema,,,,ventricosa,,,,Encyonema ventricosa,diatoms,Encyonema ventricosa,
,,Eunotia,,,,triodon,,,,Eunotia triodon,diatoms,Eunotia triodon,
,,Fragilaria,,,,cylindrus,,,,Fragilaria cylindrus,diatoms,Fragilaria cylindrus,
,,Fragilaria,,,,oceanica,,,,Fragilaria oceanica,diatoms,Fragilaria oceanica,
,,Fragilaria,,,,spp.,,,,Fragilaria spp.,diatoms,Fragilaria spp.,
,,Fragilariopsis,,,,cylindrica,,,,Fragilariopsis cylindrica,diatoms,Fragilariopsis cylindrica,
,,Fragilariopsis,,,,oceanica,,,,Fragilariopsis oceanica,diatoms,Fragilariopsis oceanica,
,,Fraglariopsis,,,,spp.,,,,Fraglariopsis spp.,diatoms,Fraglariopsis spp.,
,,Frgilariopsis,,,,cylindrus,,,,Frgilariopsis cylindrus,diatoms,Frgilariopsis cylindrus,
,,Frgilariopsis,,,,oceanica,,,,Frgilariopsis oceanica,diatoms,Frgilariopsis oceanica,
,,Gomphonema,,,,spp.,,,,Gomphonema spp.,diatoms,Gomphonema spp.,
,,Gomphonema,,,,spp.,,,,Gomphonema spp.,diatoms,Gonphonema spp.,
,,Grammatophora,,,,angulata,,,,Grammatophora angulata,diatoms,Grammatophora angulata,
,,Grammatophora,,,,arcunata,,,,Grammatophora arcunata,diatoms,Grammatophora arcunata,
,,Hemidiscus,,,,sp. 1,,,,Hemidiscus sp. 1,diatoms,Hemidiscus sp. 1 of Zielinski & Gersonde (2002),Hemidiscus sp. 1 of Zielinski & Gersonde (2002)
,,Chaetoceros,,Hyalochaete,,sp.,,,,Chaetoceros Hyalochaete sp.,diatoms,Hyalochaete,
,,Kisseleviella,,,,calina,,,,Kisseleviella calina,diatoms,Kisseleviella calina,
,,Mediaria,,,,splendida,,,,Mediaria splendida,diatoms,Mediarina splendida,
,,Melosira,,,,spp.,,,,Melosira spp.,diatoms,Melosira spp.,
,,Meridion,,,,spp.,,,,Meridion spp.,diatoms,Meridion spp.,
,,Navicula,,,,distans,,,,Navicula distans,diatoms,Navicula distans,
,,Neodenticula,,,,sp. A,,,,Neodenticula sp. A,diatoms,Neodenticula sp. A,
,,Nitzschia,,,,peragalli,,,,Nitzschia peragalli,diatoms,Nitzschia peragalli,
,?,Nitzschia,,,,sp. 1,,,,? Nitzschia sp. 1,diatoms,Nitzschia? sp. 1,
,,Opephora,,,,marina,,,,Opephora marina,diatoms,Opephora marina,
,,Paralia,,,,sol,,,,Paralia sol,diatoms,Palaria sol,
,,Paralia,,,,sulcata,,,,Paralia sulcata,diatoms,Palaria sulcata,
,,Paralia,,,,sol,,,,Paralia sol,diatoms,Parali sol,
,,Paralia,,,,sol,,,,Paralia sol,diatoms,Paralia sol,
,,Pinnularia,,,,gibba,,linearis,,Pinnularia gibba linearis,diatoms,Pinnularia gibba linearis,
,,Pinnularia,,,,sp.,,,,Pinnularia sp.,diatoms,Pinularia sp.,
,,Porosira,,,,glacilis,,,,Porosira glacilis,diatoms,Porosira glacilis,
,,Proboscia,,,,alata,,,,Proboscia alata,diatoms,Proboscia alata,
,,Proboscia,,,cf.,subarctica,,,,Proboscia cf. subarctica,diatoms,Proboscia cf. subarctica,
,,Pseudopodosira,,,,elegans,,,,Pseudopodosira elegans,diatoms,Psuedopodsira elegans,
,,Pyxidicula,,,,turris,,,,Pyxidicula turris,diatoms,Pysidicula turris,
,,Pyxidicula,,,,horridus,,,,Pyxidicula horridus,diatoms,Pyxidicula horridus,
,,Pyxidicula,,,,pustulatus,,,,Pyxidicula pustulatus,diatoms,Pyxidicula pustulatus,
,,Pyxidicula,,,,sp. 1,,,,Pyxidicula sp. 1,diatoms,Pyxidicula sp. 1,
,,Pyxidicula,,,,sp. 2,,,,Pyxidicula sp. 2,diatoms,Pyxidicula sp. 2,
,,Pyxidicula,,,,sp. 3,,,,Pyxidicula sp. 3,diatoms,Pyxidicula sp. 3,
,,Pyxidicula,,,,sp. 6,,,,Pyxidicula sp. 6,diatoms,Pyxidicula sp. 6,
,,Pyxidicula,,,,spp.,,,,Pyxidicula spp.,diatoms,Pyxidicula spp.,
,,Pyxidicula,,,,turris,,,,Pyxidicula turris,diatoms,Pyxidicula turris,
,,Pyxidicula,,,,zabelinae,,,,Pyxidicula zabelinae,diatoms,Pyxidicula zabelinae,
,,Pyxidicula,,,,turris,,,,Pyxidicula turris,diatoms,Pyxidiculla turris,
,,Pyxilla,,,,americana,,,,Pyxilla americana,diatoms,Pyxilla americana,
,,Raphoneis,,,,amphiceros,,,,Raphoneis amphiceros,diatoms,Raphoneis amphiceros,
,,Chaetoceros,,,,spp.,,,Resting spores,Chaetoceros spp. (Resting spores),diatoms,Resting spores of Chaetoceros,
,,Rhabdonema,,,,sp.,,,,Rhabdonema sp.,diatoms,Rhabdonema sp.,
,,Rhizosolenia,,,,borealis,,,,Rhizosolenia borealis,diatoms,Rhizosolenia borealis,
,,Rhizosolenia,,,,hebetata,f.,heimalis,,Rhizosolenia hebetata f. heimalis,diatoms,Rhizosolenia hebetata f. heimalis,
,,Rhizosolenia,,,,sp.,,,,Rhizosolenia sp.,diatoms,Rhizosolenia sp,
,,Rhizosolenia,,,,sp. 1,,,,Rhizosolenia sp. 1,diatoms,Rhizosolenia sp 1,
,,Rhopalodia,,,,spp.,,,,Rhopalodia spp.,diatoms,Rhopalodia spp.,
,,Stauroneis,,,,spp.,,,,Stauroneis spp.,diatoms,Stauroneis spp.,
,,Synedra,,,,spp.,,,,Synedra spp.,diatoms,Synedra spp.,
,,Tetracyclus,,,,spp.,,,,Tetracyclus spp.,diatoms,Tetracyclus spp.,
,,Thalassionema,,,,nitzschoides,,,,Thalassionema nitzschoides,diatoms,Thalassionema nitzschoides,
,,Thalassiosira,,,,anguste-lineata,,,,Thalassiosira anguste-lineata,diatoms,Thalassiosira anguste-lineata,
,,Thalassiosira,,,,antarctica,,,Spore,Thalassiosira antarctica (Spore),diatoms,Thalassiosira antarctica Spore,
,,Thalassiosira,,,,antarctica,,,Spores,Thalassiosira antarctica (Spores),diatoms,Thalassiosira antarctica Spores,
,,Thalassiosira,,,,antarctica,,,spore,Thalassiosira antarctica (spore),diatoms,Thalassiosira antarctica spore,
,,Thalassiosira,,,,antarctica,,,spores,Thalassiosira antarctica (spores),diatoms,Thalassiosira antarctica spores,
,,Thalassiosira,,,,antarctica,,,spores,Thalassiosira antarctica (spores),diatoms,Thalassiosira antrct-spore,
,,Thalassiosira,,,cf.,jacksonii,,,,Thalassiosira cf. jacksonii,diatoms,Thalassiosira cf. jacksonii,
,,Thalassiosira,,,cf.,leptopus,,,,Thalassiosira cf. leptopus,diatoms,Thalassiosira cf. leptopus,
,,Thalassiosira,,,cf.,usatschevii,,,,Thalassiosira cf. usatschevii,diatoms,Thalassiosira cf. usatschevii,
,,Thalassiosira,,,,latimarginata,,,,Thalassiosira latimarginata,diatoms,Thalassiosira latimarginata,
,,Thalassiosira,,,s.l.,latimarginata,,,,Thalassiosira s.l. latimarginata,diatoms,Thalassiosira latimarginata s.l.,
,,Thalassiosira,,,s.l.,latimarginata,,,,Thalassiosira s.l. latimarginata,diatoms,Thalassiosira latimarginata sl.,
,,Thalassiosira,,,,spp.,,,,Thalassiosira spp.,diatoms,Thalassiosira spp,
,,Thalassiosira,,,,lucustris,,,,Thalassiosira lucustris,diatoms,Thlalassiosira lucustris,
,,Tabellaria,,,,spp.,,,,Tabellaria spp.,diatoms,tabellaria spp.,
,,Brigantedinium,,,,cariacoense,,,,Brigantedinium cariacoense,dinoflagellates,Brigantedinium cariacoense,
Dinoflagellata indet.,,,,,,,,,cysts,Dinoflagellata indet. (cysts),dinoflagellates,Dinoflagellate cysts,
,,Dubridinium,,,,spp.,,,,Dubridinium spp.,dinoflagellates,Dubridinium spp.,
,,Echinidinium,,,,aculeatum,,,,Echinidinium aculeatum,dinoflagellates,Echinidinium aculeatum,
,,Gymnodinium,,,,catenatum,,,,Gymnodinium catenatum,dinoflagellates,Gymnodinium catenatum,
,,Impagidinium,,,,pallidum,,,,Impagidinium pallidum,dinoflagellates,I.mpagidinium pallidum,
,,Impagidinium,,,,patulum,,,,Impagidinium patulum,dinoflagellates,I.mpagidinium patulum,
,,Islandinium,,,,sp.,,,,Islandinium sp.,dinoflagellates,Islandinium Morphtype Cesare,morphotype cesare
,,Islandinium,,,,imnutum,,,,Islandinium imnutum,dinoflagellates,Islandinium imnutum,
,,Islandinium,,,,ium,cf.,brevispinosum,,Islandinium ium cf. brevispinosum,dinoflagellates,Islandinium ium cf. brevispinosum,
,,Islandinium,,,,minutum,,,,Islandinium minutum,dinoflagellates,Islandinium minutum,
,,Lejeunecysta,,,,falax,,,,Lejeunecysta falax,dinoflagellates,Lejeunecysta falax,
,,Nematosphaeropsis,,,,lemniscata,,,,Nematosphaeropsis lemniscata,dinoflagellates,Nematosphaeropsis lemniscata,
,,Operculodinium,,,,centrocarpum,var.,arctic,,Operculodinium centrocarpum var. arctic,dinoflagellates,O. centrocarpum var. Arctic,
,,Operculodinium,,,,centrocarpum,,subsp.,,Operculodinium centrocarpum subsp.,dinoflagellates,O. centrocarpum var. short processes,
,,Operculodinium,,,,centrocarpum,var.,arctic,,Operculodinium centrocarpum var. arctic,dinoflagellates,O. centrocarpum-Arctic morphotype,
Foraminifera indet.,,,,,,,,,,Foraminifera indet.,dinoflagellates,Org .linnings of foraminifers,Organic lining of foraminifers
Foraminifera indet.,,,,,,,,,,Foraminifera indet.,dinoflagellates,Organic lining of foraminifers,Organic lining of foraminifers
Foraminifera indet.,,,,,,,,,,Foraminifera indet.,dinoflagellates,Organic lining of forams,Organic lining of foraminifers
,,Pentapharsodinium,,,,dalei,,,,Pentapharsodinium dalei,dinoflagellates,Pentapharsodinium dalei,
,,Polykrikos,,,,sp.,,,arctic morphotype,Polykrikos sp. (arctic morphotype),dinoflagellates,Polykrikos - Arctic morphotype,
,,Polykrikos,,,,schwartzii,,,,Polykrikos schwartzii,dinoflagellates,Polykrikos schwartzii,
,,Protoperidinium,,,,americanum,,,,Protoperidinium americanum,dinoflagellates,Protoperidinium americanum,
,,Pyxidinopsis,,,,reticulata,,,,Pyxidinopsis reticulata,dinoflagellates,Pyxidiniopsis reticulata,
,,Quinquecuspis,,,,concreta,,,,Quinquecuspis concreta,dinoflagellates,Quinquecuspis concreta,
,,Selenopemphix,,,,quanta,,,,Selenopemphix quanta,dinoflagellates,Selenopemphix quanta,
,,Spiniferites,,,,belerius,,,,Spiniferites belerius,dinoflagellates,Spiniferites belerius,
,,Spiniferites,,,,spp.,,,,Spiniferites spp.,dinoflagellates,Spiniferites spp.,
,,Trinovantedinium,,,,variabile,,,,Trinovantedinium variabile,dinoflagellates,Trinovantedinium variabile,
,,Votadinium,,,,spinosum,,,,Votadinium spinosum,dinoflagellates,Votadinium spinosum,
,cf.,Hytrichosphaeropsis,,,,obscura,,,,cf. Hytrichosphaeropsis obscura,dinoflagellates,cf. Hytrichosphaeropsis obscura,
,,Impagidinium,,,,japonicum,,,,Impagidinium japonicum,dinoflagellates,impagidinium japonicum,
,,Ebriopsis,,,,antiqua,,antiqua,,Ebriopsis antiqua antiqua,ebridians,Ebriopsis antiqua antiqua (Ebridian),
,,Bicolumnus,,,,ovatus,,,,Bicolumnus ovatus,nannofossils,Bicolumnus ovatus,
,,Blackites,,,,sp.,,,,Blackites sp.,nannofossils,Blackites sp.,
,,Braarudosphaera,,,,bigelowii,,,,Braarudosphaera bigelowii,nannofossils,Braarudosphaera bigelowi,
,,Braarudosphaera,,,,bigelowii,,,,Braarudosphaera bigelowii,nannofossils,Braarudosphaera bigelowiI,
,,Cyclicargolithus,,,,abisectus,,,,Cyclicargolithus abisectus,nannofossils,C. abisectus,
,,Coccolithus,,,,braarudii,,,,Coccolithus braarudii,nannofossils,C. braarudii,
,,Cyclicargolithus,,,,floridanus,,,,Cyclicargolithus floridanus,nannofossils,C. floridanus,
,,Calcidiscus,,,,leptoporus,,,,Calcidiscus leptoporus,nannofossils,C. leptoporus,
,,Calcidiscus,,,,leptoporus,,,,Calcidiscus leptoporus,nannofossils,C. leptoporus (small),
,,Coccolithus,,,,pelagicus,,,,Coccolithus pelagicus,nannofossils,C. pelagicus,
,,Coronocyclus,,,,nitescens,,,,Coronocyclus nitescens,nannofossils,C.nitescens,
,,Calcidiscus,,,,leptoporus,,,(10-11 µm),Calcidiscus leptoporus (10-11 µm),nannofossils,Calcidiscus leptoporus (10-11 µm),
,,Calcidiscus,,,,leptoporus,,,(>10 μm),Calcidiscus leptoporus (>10 μm),nannofossils,Calcidiscus leptoporus (>10 μm),
,,Calcidiscus,,,,macintyrei,,,(>11 μm),Calcidiscus macintyrei (>11 μm),nannofossils,Calcidiscus macintyrei (>11 μm),
,,Calcidiscus,,,,pataceus,,,,Calcidiscus pataceus,nannofossils,Calcidiscus pataceus,
,,Calcidiscus,,,,tropicus,,,(>10 µm),Calcidiscus tropicus (>10 µm),nannofossils,Calcidiscus tropicus (>10 µm),
,,Chiasmolithus,,,,altus,,,,Chiasmolithus altus,nannofossils,Ch. altus,
,,Chiasmolithus,,,,oamaruensis,,,,Chiasmolithus oamaruensis,nannofossils,Ch. oamaruensis,
,,Clausicoccus,,,,obrutus,,,,Clausicoccus obrutus,nannofossils,Clausicoccus obrutus,
,,Coccolithus,,,,pelagicus,f.,braarudii,,Coccolithus pelagicus f. braarudii,nannofossils,Coccolithus pelagicus f. braarudii,
,,Coccolithus,,,,streckerii,,,,Coccolithus streckerii,nannofossils,Coccolithus streckerii,
,,Coronocyclus,,,,nitescens,,,elliptical,Coronocyclus nitescens (elliptical),nannofossils,Coronocyclus nitescens (ellipical),
,,Coronocyclus,,,,nitescens,,,elliptical,Coronocyclus nitescens (elliptical),nannofossils,Coronocyclus nitescens elliptical,
,,Cryptococcolithus,,,cf.,mediaperforatus,,,,Cryptococcolithus cf. mediaperforatus,nannofossils,Cryptococcolithus cf. mediaperforatus,
,,Cyclicargolithus,,,,abisectus,,,(10-11 μm),Cyclicargolithus abisectus (10-11 μm),nannofossils,Cyclicargolithus abisectus (10-11 μm),
,,Cyclicargolithus,,,,abisectus,,,(>11 μm),Cyclicargolithus abisectus (>11 μm),nannofossils,Cyclicargolithus abisectus (>11 μm),
,,Cyclicargolithus,,,,abisectus,,,10-11 μm,Cyclicargolithus abisectus (10-11 μm),nannofossils,Cyclicargolithus abisectus 10-11 μm,
,,Discoaster,,,,deflandrei,,,,Discoaster deflandrei,nannofossils,D.deflandrei,
,,Dictyococcites,,,,spp.,,,(<3 µm),Dictyococcites spp. (<3 µm),nannofossils,Dictyococcites (<3 µm),
,,Dictyococcites,,,,spp.,,,(<3 µm),Dictyococcites spp. (<3 µm),nannofossils,Dictyococcites <3 µm,
,,Dictyococcites,,,,productellus,,,(3-5 μm),Dictyococcites productellus (3-5 μm),nannofossils,Dictyococcites productellus (3-5 μm),
,,Dictyococcites,,,,productellus,,,"(3-5 μm, circular)","Dictyococcites productellus (3-5 μm, circular)",nannofossils,"Dictyococcites productellus (3-5 μm, circular)",
,,Dictyococcites,,,,productellus,,,(<3 μm),Dictyococcites productellus (<3 μm),nannofossils,Dictyococcites productellus (<3 μm),
,,Dictyococcites,,,,scripsae,,,,Dictyococcites scripsae,nannofossils,Dictyococcites scripsae,
,,Dictyococcites,,,,stavensis,,,(10-14 μm),Dictyococcites stavensis (10-14 μm),nannofossils,Dictyococcites stavensis (10-14 μm),
,,Dictyococcites,,,,stavensis,,,(>10 μm),Dictyococcites stavensis (>10 μm),nannofossils,Dictyococcites stavensis (>10 μm),
,,Dictyococcites,,,,stavensis,,,(>14 μm),Dictyococcites stavensis (>14 μm),nannofossils,Dictyococcites stavensis (>14 μm),
,,Discoaster,,,,loeblichii,,,,Discoaster loeblichii,nannofossils,"Discoaster loeblichii
Discoaster prepentaradiatus",
,,Discoaster,,,,tani,,nodifer,,Discoaster tani nodifer,nannofossils,Discoaster tani nodifer,
,,Emiliania,,,,huxleyi,,,,Emiliania huxleyi,nannofossils,E. huxleyi,
,,Emiliania,,,,pujosae,,,,Emiliania pujosae,nannofossils,Emiliania pujosae,
,,Gephryocapsa,,,,ericsonii,,,,Gephryocapsa ericsonii,nannofossils,Gephryocapsa ericsonii,
,,Gephyrocapsa,,,,spp.,,,(large),Gephyrocapsa spp. (large),nannofossils,Gephyrocapsa (large),
,,Gephyrocapsa,,,,spp.,,,(medium),Gephyrocapsa spp. (medium),nannofossils,Gephyrocapsa (medium),
,,Gephyrocapsa,,,,spp.,,,(small),Gephyrocapsa spp. (small),nannofossils,Gephyrocapsa (small),
,,Gephyrocapsa,,,,caribbeania,,,(3-4 μm),Gephyrocapsa caribbeania (3-4 μm),nannofossils,Gephyrocapsa caribbeania (3-4 μm),
,,Gephyrocapsa,,,,caribbeanica,,,(3-4 μm),Gephyrocapsa caribbeanica (3-4 μm),nannofossils,Gephyrocapsa caribbeanica (3-4 μm),
,,Gephyrocapsa,,,,caribbeanica,,,(4-5.5 μm),Gephyrocapsa caribbeanica (4-5.5 μm),nannofossils,Gephyrocapsa caribbeanica (4-5.5 μm),
,,Gephyrocapsa,,,,caribbeanica,,,(5.5-6.5 μm),Gephyrocapsa caribbeanica (5.5-6.5 μm),nannofossils,Gephyrocapsa caribbeanica (5.5-6.5 μm),
,,Gephyrocapsa,,,,caribbeanica,,,(>6.5 μm),Gephyrocapsa caribbeanica (>6.5 μm),nannofossils,Gephyrocapsa caribbeanica (>6.5 μm),
,,Gephyrocapsa,,,,crassipons,,,,Gephyrocapsa crassipons,nannofossils,Gephyrocapsa crassipons,
,,Gephyrocapsa,,,,oceanica,,,(3-4 μm),Gephyrocapsa oceanica (3-4 μm),nannofossils,Gephyrocapsa oceanica (3-4 μm),
,,Gephyrocapsa,,,,oceanica,,,(4-5.5 μm),Gephyrocapsa oceanica (4-5.5 μm),nannofossils,Gephyrocapsa oceanica (4-5.5 μm),
,,Gephyrocapsa,,,,oceanica,,,(5.5--6.5 μm),Gephyrocapsa oceanica (5.5--6.5 μm),nannofossils,Gephyrocapsa oceanica (5.5--6.5 μm),
,,Gephyrocapsa,,,,oceanica,,,(5.5-6.5 μm),Gephyrocapsa oceanica (5.5-6.5 μm),nannofossils,Gephyrocapsa oceanica (5.5-6.5 μm),
,,Gephyrocapsa,,,,spp.,,,(large >5.5 µm),Gephyrocapsa spp. (large >5.5 µm),nannofossils,Gephyrocapsa spp. (large >5.5 µm),
,,Gephyrocapsa,,,,spp.,,,(medium 4-5.5 µm),Gephyrocapsa spp. (medium 4-5.5 µm),nannofossils,Gephyrocapsa spp. (medium 4-5.5 µm),
,,Gephyrocapsa,,,,spp.,,,(small <3.5 µm),Gephyrocapsa spp. (small <3.5 µm),nannofossils,Gephyrocapsa spp. (small <3.5 µm),
,,Helicosphaera,,,cf.,euphratis,,,,Helicosphaera cf. euphratis,nannofossils,Helicosphaera cf. euphratis,
,,Helicosphaera,,,cf.,intermedia,,,,Helicosphaera cf. intermedia,nannofossils,Helicosphaera cf. intermedia,
,,Helicosphaera,,,cf.,sellii,,,,Helicosphaera cf. sellii,nannofossils,Helicosphaera cf. sellii,
,,Helicosphaera,,,,elongata,,,,Helicosphaera elongata,nannofossils,Helicosphaera elongata,
,,Helicosphaera,,,,omanica,,,,Helicosphaera omanica,nannofossils,Helicosphaera omanica,
,,Isthmolithus,,,,recurvus,,,,Isthmolithus recurvus,nannofossils,I. recurvus,
,,Minylitha,,,,convalis,,,,Minylitha convalis,nannofossils,Minyalitha convalis,
,,Minylitha,,,,convalis,,,,Minylitha convalis,nannofossils,Minylitha convalis,
,,Neococcolithes,,,,sp.,,,,Neococcolithes sp.,nannofossils,Neococcolithus sp.,
,,Orthorhabdus,,,,spp.,,,,Orthorhabdus spp.,nannofossils,Orthorhabdus spp.,
,,Pseudoemiliania,,,,lacunosa,,,,Pseudoemiliania lacunosa,nannofossils,P. lacunosa,
,,Pontosphaera,,,,japonica,,,,Pontosphaera japonica,nannofossils,Pontosphaera japonIca,
,,Pseudoemiliania,,,,pacifica,,,,Pseudoemiliania pacifica,nannofossils,Pseudoemiliania pacifica,
,,Pseudoemiliania,,,,sp.,,,,Pseudoemiliania sp.,nannofossils,Pseudoemiliania sp.,
,,Pyrocyclus,,,,orangensis,,,,Pyrocyclus orangensis,nannofossils,Pyrociclus orangensis,
,,Pyrocyclus,,,,sp.,,,,Pyrocyclus sp.,nannofossils,Pyrociclus sp.,
,,Reticulofenestra,,,,bisecta,,,,Reticulofenestra bisecta,nannofossils,R. bisecta,
,,Reticulofenestra,,,,minuta,,,,Reticulofenestra minuta,nannofossils,R. minuta,
,,Reticulofenestra,,,,spp.,,,,Reticulofenestra spp.,nannofossils,R. minuta + R.minutula gr.,Reticulofenestra minuta + Reticulofenestra minutula gr.
,,Reticulofenestra,,,,spp.,,,,Reticulofenestra spp.,nannofossils,R. minuta/D.productus,Reticulofenestra minuta/Dictyococcities productus
,,Reticulofenestra,,,,minutula,,,,Reticulofenestra minutula,nannofossils,R. minutula,
,,Reticulofenestra,,,,spp.,,,,Reticulofenestra spp.,nannofossils,R. minutula/D.antarcticus,Reticulofenestra minutula/Dictyococcities antarcticus
,,Reticulofenestra,,,,oamaruensis,,,,Reticulofenestra oamaruensis,nannofossils,R. oamaruensis,
,,Reticulofenestra,,,,pseudoumbilicus,,group,,Reticulofenestra pseudoumbilicus group,nannofossils,R. pseudoumbilicus gr.,Reticulofenestra pseudoumbilicus group
,,Reticulofenestra,,,,spp.,,,,Reticulofenestra spp.,nannofossils,R. pseudoumbilicus/R.gelida,Reticulofenestra pseudoumbilicus/Reticulofenestra gelida
,,Reticulofenestra,,,,spp.,,,,Reticulofenestra spp.,nannofossils,R. pseudoumblicus/R.gelida,Reticulofenestra pseudoumbilicus/Reticulofenestra gelida
,,Reticulofenestra,,,,umbilicus,,,,Reticulofenestra umbilicus,nannofossils,R. umbilicus,
,,Reticulofenestra,,,,ampla,,,,Reticulofenestra ampla,nannofossils,Reticulofenestra ampla,
,,Reticulofenestra,,,,ampla,,,,Reticulofenestra ampla,nannofossils,Reticulofenestra amplus,
,,Reticulofenestra,,,,asanoi,,,(<6 um),Reticulofenestra asanoi (<6 um),nannofossils,Reticulofenestra asanoi (<6 um),
,,Reticulofenestra,,,,asanoi,,,(>6 um),Reticulofenestra asanoi (>6 um),nannofossils,Reticulofenestra asanoi (>6 um),
,,Reticulofenestra,,,,filewiczii,,,,Reticulofenestra filewiczii,nannofossils,Reticulofenestra filewiczii,
,,Reticulofenestra,,,,gelida,,,(8-10 µm),Reticulofenestra gelida (8-10 µm),nannofossils,Reticulofenestra gelida (8-10 µm),
,,Reticulofenestra,,,,gelida,,,(>10 μm),Reticulofenestra gelida (>10 μm),nannofossils,Reticulofenestra gelida (>10 μm),
,,Reticulofenestra,,,,haqii,,,(3-5 μm),Reticulofenestra haqii (3-5 μm),nannofossils,Reticulofenestra haqii (3-5 μm),
,,Reticulofenestra,,,,haqii,,,"(3-5 μm, circular)","Reticulofenestra haqii (3-5 μm, circular)",nannofossils,"Reticulofenestra haqii (3-5 μm, circular)",
,,Reticulofenestra,,,,haqii,,,(<3 μm),Reticulofenestra haqii (<3 μm),nannofossils,Reticulofenestra haqii (<3 μm),
,,Reticulofenestra,,,,minuta,,,(<3 μm),Reticulofenestra minuta (<3 μm),nannofossils,Reticulofenestra minuta (<3 μm),
,,Reticulofenestra,,,,minutula,,,(circular),Reticulofenestra minutula (circular),nannofossils,Reticulofenestra minutula (circular),
,,Reticulofenestra,,,,pseudoumbilicus,,,(8-10 μm),Reticulofenestra pseudoumbilicus (8-10 μm),nannofossils,Reticulofenestra pseudoumbilicus (8-10 μm),
,,Reticulofenestra,,,,pseudoumbilicus,,,(>10 μm),Reticulofenestra pseudoumbilicus (>10 μm),nannofossils,Reticulofenestra pseudoumbilicus (>10 μm),
,,Reticulofenestra,,,,pseudoumbilicus,,,(>7 µm),Reticulofenestra pseudoumbilicus (>7 µm),nannofossils,Reticulofenestra pseudoumbilicus (>7 µm),
,,Reticulofenestra,,,,rotaria,,,(elliptical),Reticulofenestra rotaria (elliptical),nannofossils,Reticulofenestra rotaria (elliptical),
,,Reticulofenestra,,,,umbilicus,,,(10-14 µm),Reticulofenestra umbilicus (10-14 µm),nannofossils,Reticulofenestra umbilicus (10-14 µm),
,,Reticulofenestra,,,,umbilicus,,,(>14 µm),Reticulofenestra umbilicus (>14 µm),nannofossils,Reticulofenestra umbilicus (>14 µm),
,,Reticulofenestra,,,,wadeae,,,,Reticulofenestra wadeae,nannofossils,Reticulofenestra wadeae,
,,Scyphosphaera,,,,sp. 1,,,,Scyphosphaera sp. 1,nannofossils,Schyphosphaera sp. 1,
,,Scyphosphaera,,,,apsteinii,,,,Scyphosphaera apsteinii,nannofossils,Scyphosphaera apsteinii.,
,,Scyphosphaera,,,cf.,pacifica,,,,Scyphosphaera cf. pacifica,nannofossils,Scyphosphaera cf. pacifica,
,,Scyphosphaera,,,cf.,queenslandensis,,,,Scyphosphaera cf. queenslandensis,nannofossils,Scyphosphaera cf. queenslandensis,
,,Scyphosphaera,,,,graphica,,,,Scyphosphaera graphica,nannofossils,Scyposphaera graphica,
,,Scyphosphaera,,,,queenslandensis,,,,Scyphosphaera queenslandensis,nannofossils,Scyposphaera queenslandensis,
,,Sphenolithus,,,,aubryae,,,,Sphenolithus aubryae,nannofossils,Sphenolithus aubryae,
,,Sphenolithus,,,cf.,abies,,,,Sphenolithus cf. abies,nannofossils,Sphenolithus cf. abies,
,,Sphenolithus,,,cf.,belemnos,,,,Sphenolithus cf. belemnos,nannofossils,Sphenolithus cf. belemnos,
,,Sphenolithus,,,cf.,delphix,,,,Sphenolithus cf. delphix,nannofossils,Sphenolithus cf. delphix,
,,Sphenolithus,,,cf.,neoabies,,,,Sphenolithus cf. neoabies,nannofossils,Sphenolithus cf. neoabies,
,,Sphenolithus,,,,compactus,,,,Sphenolithus compactus,nannofossils,Sphenolithus compactus,
,,Sphenolithus,,,,hetermorphus,,,,Sphenolithus hetermorphus,nannofossils,Sphenolithus hetermorphus,
,,Transversipontis,,,,pulcheroides,,,,Transversipontis pulcheroides,nannofossils,Transversipontis pulcheroides,
,,Umbilicosphaera,,,cf.,rotula,,,,Umbilicosphaera cf. rotula,nannofossils,Umbilicosphaera cf. rotula,
,,Umbilicosphaera,,,,jafarii,,,,Umbilicosphaera jafarii,nannofossils,Umbilicosphaera jafarii,
,,Reticulofenestra spp.,,,,spp.,,,,Reticulofenestra spp. spp.,nannofossils,small reticlofenestrids,small
,,Pseudocythere,,,,caudata,,,,Pseudocythere caudata,ostracods,Pseudocythere caudata,
Ostracoda indet.,,,,,,,,,,Ostracoda indet.,ostracods,ostracod,
Bryozoa indet.,,,,,,,,,,Bryozoa indet.,other,Bryozoan fragments,fragments
Echinoidea indet.,,,,,,,,,,Echinoidea indet.,other,Echinoid fragments indet.,fragments
Echinoidea indet.,,,,,,,,,,Echinoidea indet.,other,Echinoid plate fragments,plate
Echinoidea indet.,,,,,,,,,,Echinoidea indet.,other,Echinoid spines,spines
"""Fish scales""",,,,,,,,,,"""Fish scales""",other,Fish scales,
"""Fish teeth""",,,,,,,,,,"""Fish teeth""",other,Fish teeth,
Holothuriidae indet.,,,,,,,,,,Holothuriidae indet.,other,Holothurian spicules,spicules
Bivalvia indet.,,,,,,,,,,Bivalvia indet.,other,Microbivalves,Microbivalves
Gastropoda indet.,,,,,,,,,,Gastropoda indet.,other,Microgastropods,Microgastropods
Ostracoda indet.,,,,,,,,,,Ostracoda indet.,other,Ostracods,
"""Otoliths""",,,,,,,,,,"""Otoliths""",other,Otoliths,
Radiolaria indet.,,,,,,,,,,Radiolaria indet.,other,Radiolarians,
Bivalvia indet.,,,,,,,,,,Bivalvia indet.,other,Shell (bivalve) fragments,fragments
Gastropoda indet.,,,,,,,,,,Gastropoda indet.,other,Shell (gastropod) fragments,fragments
Scaphopoda indet.,,,,,,,,,,Scaphopoda indet.,other,Shell (scaphopod) fragments,fragments
Chlorophyceae indet.,,,,,,,,,Botryococcus + Pediastrum,Chlorophyceae indet. (Botryococcus + Pediastrum),palynology,Botryococcus + Pediastrum,
,,Halodinium,,,,,,,,Halodinium,palynology,Hallodinium,
"""Undifferentiated pollen from herbs""",,,,,,,,,,"""Undifferentiated pollen from herbs""",palynology,Herbs,
Chlorophyceae indet.,,,,,,,,,Pediastrum + Botryococcus,Chlorophyceae indet. (Pediastrum + Botryococcus),palynology,Pediastrum + Botryococcus,
"""Undifferentiated pollen""",,,,,,,,,,"""Undifferentiated pollen""",palynology,Pollen,
"""Undifferentiated pollen from herbs""",,,,,,,,,,"""Undifferentiated pollen from herbs""",palynology,Pollen (herbs),
"""Undifferentiated pollen from shrubs""",,,,,,,,,,"""Undifferentiated pollen from shrubs""",palynology,Pollen (shrubs),
"""Undifferentiated pollen from trees""",,,,,,,,,,"""Undifferentiated pollen from trees""",palynology,Pollen (trees),
"""Reworked palynomorphs""",,,,,,,,,,"""Reworked palynomorphs""",palynology,Reworked palynomorphs,
"""Undifferentiated pollen from shrubs""",,,,,,,,,,"""Undifferentiated pollen from shrubs""",palynology,Shrubs,
"""Undifferentiated spores from moss or ferns""",,,,,,,,,,"""Undifferentiated spores from moss or ferns""",palynology,Spores (moss&fern),
Pteridophyta indet.,,,,,,,,,,Pteridophyta indet.,palynology,Spores of Pteridophytes,spores
,,Sphagnum,,,,sp.,,,,Sphagnum sp.,palynology,Spores of Sphagnum,spores
Pteridophyta indet.,,,,,,,,,,Pteridophyta indet.,palynology,Spores of pteridophytes,spores
"""Undifferentiated pollen from trees""",,,,,,,,,,"""Undifferentiated pollen from trees""",palynology,Trees,
,,Acarinina,,,cf.,medizzi,,,,Acarinina cf. medizzi,planktic_forams,Acarinina cf. medizzi,
,,Beella,,,,spp.,,,,Beella spp.,planktic_forams,Beella spp.,
,,Bolboforma,,,s.s.,metzmacheri,,,,Bolboforma s.s. metzmacheri,planktic_forams,Bolboforma metzmacheri s.s.,
,,Bolboforma,,,,reticulata,,,,Bolboforma reticulata,planktic_forams,Bolboforma reticulata,
,,Bolboforma,,,,robusta,,,,Bolboforma robusta,planktic_forams,Bolboforma robusta,
,,Bolboforma,,,,sp.,,,,Bolboforma sp.,planktic_forams,Bolboforma sp.,
Bryozoa indet.,,,,,,,,,,Bryozoa indet.,planktic_forams,Bryozoa fragments,fragments
,,Catapsydrax,,,,spp.,,,,Catapsydrax spp.,planktic_forams,Catapsydrax spp.,
,,Chiloguembelina,,,,otara,,,,Chiloguembelina otara,planktic_forams,Chiloguembelina otara,
,,Clavatorella,,,?,sturanii,,,,Clavatorella ? sturanii,planktic_forams,Clavatorella sturanii?,
,,Clavigerinella,,,,eocenica,,,,Clavigerinella eocenica,planktic_forams,Clavigerinella eocenica,
,,Clavigerinella,,,,spp.,,,,Clavigerinella spp.,planktic_forams,Clavigerinella spp. (fragments),fragments
,,Dentoglobigerina,,,,subdehiscens,,,,Dentoglobigerina subdehiscens,planktic_forams,Dentoglobigerina subdehiscens,
,,Dentoglobigerina,,,s.s.,tripartita,,,,Dentoglobigerina s.s. tripartita,planktic_forams,Dentoglobigerina tripartita s.s.,
,,Globigerina,,,,brazeri,,,,Globigerina brazeri,planktic_forams,Globigerina brazeri,
,,Globigerina,,,,officianilis,,,,Globigerina officianilis,planktic_forams,Globigerina officianilis,
,,Globigerina,,,,spp.,,,,Globigerina spp.,planktic_forams,Globigerina spp.,
,,Globigerinella,,,,sp.,,,,Globigerinella sp.,planktic_forams,Globigerinella sp.,
,,Globigerinoides,,,,spp.,,,,Globigerinoides spp.,planktic_forams,Globigerinoides spp.,
,,Globigerinoides,,,,triloba,,,,Globigerinoides triloba,planktic_forams,Globigerinoides triloba,
,,Globoconella,,,,puncticuloides,,,,Globoconella puncticuloides,planktic_forams,Globoconella cf. puncticuloides,
,,Globoconella,,,,conica,,,,Globoconella conica,planktic_forams,Globoconella conica,
,,Globoconella,,,,incognita,,,,Globoconella incognita,planktic_forams,Globoconella incognita,
,,Globoconella,,,,inflata,,triangula,,Globoconella inflata triangula,planktic_forams,Globoconella inflata triangula,
,,Globoconella,,,,puncticuloides,,,,Globoconella puncticuloides,planktic_forams,Globoconella puncticuloides,
,,Globoconella,,,,sp.,,,,Globoconella sp.,planktic_forams,Globoconella sp.,
,,Globoconella,,,,subconomiozea,,,,Globoconella subconomiozea,planktic_forams,Globoconella subconomiozea,
,,Globoconella,,,cf.,triangula,,,,Globoconella cf. triangula,planktic_forams,Globoconella triangula (cf.),
,,Globoquadrina,,,,euapertura,,,,Globoquadrina euapertura,planktic_forams,Globoquadrina euapertura,
,,Globoquadrina,,,,spp.,,,,Globoquadrina spp.,planktic_forams,Globoquadrina spp.,
,,Globoquadrina,,,,rohri,,,,Globoquadrina rohri,planktic_forams,Globoquardina rohri,
,,Globorotalia,,Fohsella,,,,"""praefohsi""",,"Globorotalia Fohsella ""praefohsi""",planktic_forams,"Globorotalia (Fohsella) ""praefohsi""",
,,Globorotalia,,Fohsella,,,,fohsi,,Globorotalia Fohsella fohsi,planktic_forams,Globorotalia (Fohsella) fohsi fohsi,
,,Globorotalia,,Fohsella,,,,fohsi,,Globorotalia Fohsella fohsi,planktic_forams,Globorotalia (Fohsella) fohsi lobata,
,,Globorotalia,,Fohsella,,,,“praefohsi”,,Globorotalia Fohsella “praefohsi”,planktic_forams,Globorotalia (Fohsella) “praefohsi”,
,,Globorotalia,,Globoconella,,,,panda,,Globorotalia Globoconella panda,planktic_forams,Globorotalia (Globoconella) panda,
,,Globorotalia,,Globoconella,,,,praesctula,,Globorotalia Globoconella praesctula,planktic_forams,Globorotalia (Globoconella) praesctula,
,,Globorotalia,,Menardella,,,,menardii,,Globorotalia Menardella menardii,planktic_forams,Globorotalia (Men ardella) menardii,
,,Globorotalia,,Menardella,,,,archaeomenardii,,Globorotalia Menardella archaeomenardii,planktic_forams,Globorotalia (Menardella) archaeomenardii,
,,Globorotalia,,Menardella,,,,exilis-pertenuis,,Globorotalia Menardella exilis-pertenuis,planktic_forams,Globorotalia (Menardella) exilis-pertenuis,
,,Globorotalia,,Menardella,,,,spp.,,Globorotalia Menardella spp.,planktic_forams,Globorotalia (Menardella) spp.,
,,Globoturborotalita,,,,anguliofficinalis,,,,Globoturborotalita anguliofficinalis,planktic_forams,Globoturborotalita anguliofficinalis,
,,Globoturborotalita,,,,brazeri,,,,Globoturborotalita brazeri,planktic_forams,Globoturborotalita brazeri,
,,Globoturborotalita,,,,ouachitaensis,,,,Globoturborotalita ouachitaensis,planktic_forams,Globoturborotalita ouachitaensis,
,,Hirsutella,,,,hirsuta,,,dextral,Hirsutella hirsuta (dextral),planktic_forams,Hirsutella hirsuta (D),
,,Hirsutella,,,,sp.,,,,Hirsutella sp.,planktic_forams,Hirsutella sp.,
,,Hirsutella,,,,theyeri,,,,Hirsutella theyeri,planktic_forams,Hirsutella theyeri,
Mollusca indet.,,,,,,,,,,Mollusca indet.,planktic_forams,Micro mollusks,
Mollusca indet.,,,,,,,,,,Mollusca indet.,planktic_forams,Micro-mollusks,
,,Neogloboquadrina,,,,deutertrei,,,,Neogloboquadrina deutertrei,planktic_forams,Neogloboquadrina deutertrei,
,,Neogloboquadrina,,,,dutertrei,,,dextral,Neogloboquadrina dutertrei (dextral),planktic_forams,Neogloboquadrina dutertrei (D),
,,Neogloboquadrina,,,,dutertrei,,,sinistral,Neogloboquadrina dutertrei (sinistral),planktic_forams,Neogloboquadrina dutertrei (S),
,,Paragloborotalia,,,s.l.,mayeri,,,,Paragloborotalia s.l. mayeri,planktic_forams,Paragloborotalia mayeri s.l.,
,,Paragloborotalia,,,,opima/nana,,,,Paragloborotalia opima/nana,planktic_forams,Paragloborotalia opima-nana transition,Paragloborotalia opima-nana transition
,,Paragloborotalia,,,,pseudocontuosa,,,,Paragloborotalia pseudocontuosa,planktic_forams,Paragloborotalia pseudocontuosa,
,,Paragloborotalia,,,,siakensis/mayeri,,,,Paragloborotalia siakensis/mayeri,planktic_forams,Paragloborotalia siakensis/mayeri,
,,Paragloborotalia,,,,spp.,,,,Paragloborotalia spp.,planktic_forams,Paragloborotalia spp.,
,,Paragloborotalia,,,,spp.,,,,Paragloborotalia spp.,planktic_forams,"Parasubbotina varianta
Paragloborotalia spp.",
,,Praeorbulina,,,,spp.,,,,Praeorbulina spp.,planktic_forams,Praeorbulina spp. fragments,fragments
,,Pulleniatina,,,,spp.,,,,Pulleniatina spp.,planktic_forams,Pulleniatina spp.,
Mollusca indet.,,,,,,,,,,Mollusca indet.,planktic_forams,Shell fragments,shell fragments
,,Sphaeroidinellopsis,,,,disjuncta,,,,Sphaeroidinellopsis disjuncta,planktic_forams,Spharoidinellopsis disjuncta,
,,Subbotina,,,,eoceana,,,,Subbotina eoceana,planktic_forams,Subbotina eoceana,
,,Subbotina,,,,spp.,,,,Subbotina spp.,planktic_forams,Subbotina spp.,
,,Tenuitellinata,,,,angustiumbilicata,,,,Tenuitellinata angustiumbilicata,planktic_forams,Tenuitellinata angustiumbilicata,
,,Tenuitella,,,,spp.,,,,Tenuitella spp.,planktic_forams,Tenuitutella spp.,
,,Truncorotalia,,,,crassacarina,,,,Truncorotalia crassacarina,planktic_forams,Truncorotalia crassacarina,
,,Truncorotalia,,,,crassacarina,,,dextral,Truncorotalia crassacarina (dextral),planktic_forams,Truncorotalia crassacarina (D),
,,Truncorotalia,,,,crassacarina,,,sinistral,Truncorotalia crassacarina (sinistral),planktic_forams,Truncorotalia crassacarina (S),
,,Truncorotalia,,,,crassaformis,,,dextral,Truncorotalia crassaformis (dextral),planktic_forams,Truncorotalia crassaformis (D),
,,Truncorotalia,,,,crassaformis,,,sinistral,Truncorotalia crassaformis (sinistral),planktic_forams,Truncorotalia crassaformis (S),
,,Truncorotalia,,,,crassula,,,dextral,Truncorotalia crassula (dextral),planktic_forams,Truncorotalia crassula (D),
,,Truncorotalia,,,,crassula,,,sinistral,Truncorotalia crassula (sinistral),planktic_forams,Truncorotalia crassula (S),
,,Truncorotalia,,,,truncatulinoides,,,dextral,Truncorotalia truncatulinoides (dextral),planktic_forams,Truncorotalia truncatulinoides (D),
,,Truncorotalia,,,,truncatulinoides,,,sinistral,Truncorotalia truncatulinoides (sinistral),planktic_forams,Truncorotalia truncatulinoides (S),
,,Truncorotalia,,,,viola,,,dextral,Truncorotalia viola (dextral),planktic_forams,Truncorotalia viola (D),
,,Truncorotalia,,,,viola,,,sinistral,Truncorotalia viola (sinistral),planktic_forams,Truncorotalia viola (S),
,,Turborotalia,,,,increbescans,,,,Turborotalia increbescans,planktic_forams,Turborotalia increbescans,
,,Turborotalia,,,,spp.,,,,Turborotalia spp.,planktic_forams,Turborotalia spp.,
,,Turborotalita,,,,ciperoensis,,,,Turborotalita ciperoensis,planktic_forams,Turborotalita ciperoensis,
,,Turborotalita,,,,spp.,,,,Turborotalita spp.,planktic_forams,Turborotalita spp.,
,,Zeaglobigerina,,,,connecta,,,,Zeaglobigerina connecta,planktic_forams,Zeaglobierina connecta,
,,Zeaglobigerina,,,,druryi,,,,Zeaglobigerina druryi,planktic_forams,Zeaglobierina druryi,
,,Zeaglobigerina,,,,euapertura,,,,Zeaglobigerina euapertura,planktic_forams,Zeaglobierina euapertura,
,,Zeaglobigerina,,,,nepenthes,,,,Zeaglobigerina nepenthes,planktic_forams,Zeaglobierina nepenthes,
,,Zeaglobigerina,,,,woodi,,,,Zeaglobigerina woodi,planktic_forams,Zeaglobierina woodi,
,,Zeaglobigerina,,,,brevis,,,,Zeaglobigerina brevis,planktic_forams,Zeaglobigerina brevis,
,,Centrobotris,,,,petrushevskayae,,,,Centrobotris petrushevskayae,radiolarians,Centrobotris petrushevskayae,
,,Nephrospyris,,,,renila,,,,Nephrospyris renila,radiolarians,Nephrospyris renila,
,,Spongodiscus,,,,sp.,,,,Spongodiscus sp.,radiolarians,Spongodiscus sp. (Ling 1973),(Ling 1973)
Dictyochaceae indet.,,,,,,,,,Aberrant Silicoflagellates,Dictyochaceae indet. (Aberrant Silicoflagellates),silicoflagellates,Aberrant Silicoflagellates,
Dictyochaceae indet.,,,,,,,,,Aberrant Silicoflagellates,Dictyochaceae indet. (Aberrant Silicoflagellates),silicoflagellates,Aberrant forms,
Dictyochaceae indet.,,,,,,,,,Aberrant Silicoflagellates,Dictyochaceae indet. (Aberrant Silicoflagellates),silicoflagellates,Aberrant silicoflagellates,
Dictyochaceae indet.,,,,,,,,,Aberrant Silicoflagellates,Dictyochaceae indet. (Aberrant Silicoflagellates),silicoflagellates,Aberrant silicoflaglelate skeletons,
,,Ammodochium,,,,rectangulare,,,,Ammodochium rectangulare,ebridians,Ammodochium rectangulare (Ebridian),
,,Bachmannocena,,,,apiculata,,,,Bachmannocena apiculata,silicoflagellates,Bachmannocena apiculata,
,,Corbisema,,,cf.,hastata,,cunicula,,Corbisema cf. hastata cunicula,silicoflagellates,Corbisema cf. hastata cunicula,
,,Dictyocha,,,,subarctios,,,,Dictyocha subarctios,silicoflagellates,Dic. subarctios,
,,Dictyocha,,,cf.,mandrai,,,,Dictyocha cf. mandrai,silicoflagellates,Dictyocha cf. mandrai,
,,Distephanus,,,,medianoctisol,,,,Distephanus medianoctisol,silicoflagellates,Dis. Medianoctisol,
,,Distephanus,,,,medianoctisol,,,(with short radial spines),Distephanus medianoctisol (with short radial spines),silicoflagellates,Dis. Medianoctisol (with short radial spines),
,,Distephanus,,,,octangulatus,,,,Distephanus octangulatus,silicoflagellates,Dis. octangulatus,
,,Distephanus,,,,octonarius,,,,Distephanus octonarius,silicoflagellates,Dis. octonarius,
,,Distephanus,,,,speculum,,,,Distephanus speculum,silicoflagellates,Dis. speculum,
,,Distephanus,,,,speculum,,,(with short radial spines),Distephanus speculum (with short radial spines),silicoflagellates,Dis. speculum (with short radial spines),
,,Distephanus,,,,medianoctisol,,,,Distephanus medianoctisol,silicoflagellates,Distephanus medianoctisol,
,,Distephanus,,,,medianoctisol,,,(with short radial spines),Distephanus medianoctisol (with short radial spines),silicoflagellates,Distephanus medianoctisol (with short radial spines),
,,Distephanus,,,,medianoctisol,,,(with short radial spines),Distephanus medianoctisol (with short radial spines),silicoflagellates,Distephanus medianoctisol with short radial spines,
,,Distephanus,,,,medianoctisol,,,(with short spines),Distephanus medianoctisol (with short spines),silicoflagellates,Distephanus medianoctisol with short spines,
,,Distephanus,,,,slavincii,,,,Distephanus slavincii,silicoflagellates,Distephanus slavincii,
,,Distephanus,,,,speculum,,,(with short radial spines),Distephanus speculum (with short radial spines),silicoflagellates,Distephanus speculum (with short radial spines),
,,Distephanus,,,,speculum,,,(with short radial spine),Distephanus speculum (with short radial spine),silicoflagellates,Distephanus speculum with short radial spine,
,,Distephanus,,,,speculum,,,(with short radial spines),Distephanus speculum (with short radial spines),silicoflagellates,Distephanus speculum with short radial spines,
,,Ebria,,,,tripartita,,,,Ebria tripartita,ebridians,Ebria tripartita,
,,Ebriopsis,,,,antiqua,,antiqua,,Ebriopsis antiqua antiqua,ebridians,Ebriopsis antiqua antiqua (ebridian),
