Any taxon above genus,genus modifier,genus name,subgenera modifier,subgenera name,species modifier,species name,subspecies modifier,subspecies name,non-taxa descriptor,normalized_name,taxon_group,verbatim_name,initial_comments,comments
"""Phytolith""",,,,,,,,,,"""Phytolith""",diatoms,Phytolith,not a taxa,
Skeletonemaceae indet.,,,,,,,,,,Skeletonemaceae indet.,diatoms,Skeletonemopsis and Skeletonema grp,group,Skeletonemopsis and Skeletonema grp
Skeletonemaceae indet.,,,,,,,,,,Skeletonemaceae indet.,diatoms,Skeletonemopsis and Skeletonema grp.,group,Skeletonemopsis and Skeletonema grp.
Centrales indet.,,,,,,,,,,Centrales indet.,diatoms,other Centric,"group, not a taxa",other Centric
Pennales indet.,,,,,,,,,,Pennales indet.,diatoms,other Pennate,"group, not a taxa",other Pennate
Bacillariophyceae indet.,,,,,,,,,,Bacillariophyceae indet.,diatoms,Genus and species indeterminate #1,,Genus and species indeterminate #1
Dictyochaceae indet.,,,,,,,,,,Dictyochaceae indet.,diatoms,Silicoflagellates (all taxa),"not a taxa, group abundance",Silicoflagellates (all taxa)
,,Thalassiosira,,,,"""palmeri""",,,,"Thalassiosira ""palmeri""",diatoms,Thalassiosira 'palmeri',,
,,"""Skeletonema""",,,,utriculosa,,,,"""Skeletonema"" utriculosa",diatoms,"""Skeletonema"" utriculosa",,
,,Achnanthes,,,,brevipes,,,,Achnanthes brevipes,diatoms,Achnanthes brevipes,,
,,Achnanthes,,,,diapar,,,,Achnanthes diapar,diatoms,Achnanthes diapar,,
,,Achnanthes,,,,inflata,,,,Achnanthes inflata,diatoms,Achnanthes inflata,,
,,Achnanthes,,,,lanceolata,,,,Achnanthes lanceolata,diatoms,Achnanthes lanceolata,,
,,Achnanthes,,,,sp.,,,,Achnanthes sp.,diatoms,Achnanthes sp.,,
,,Achnanthes,,,,spp.,,,,Achnanthes spp.,diatoms,Achnanthes spp.,,
,,Actinocyclus,,,,actinochilus,,,,Actinocyclus actinochilus,diatoms,Actinocyclus actinochilus,,
,,Actinocyclus,,,,curvatulus,,,,Actinocyclus curvatulus,diatoms,Actinocyclus curvatulus,,
,,Actinocyclus,,,,dimorphus,,,,Actinocyclus dimorphus,diatoms,Actinocyclus dimorphus,,
,,Actinocyclus,,,,ellipticus,,,,Actinocyclus ellipticus,diatoms,Actinocyclus ellipticus,,
,,Actinocyclus,,,,ellipticus,,lanceolata,,Actinocyclus ellipticus lanceolata,diatoms,Actinocyclus ellipticus f. lanceolata,,Actinocyclus ellipticus f. lanceolata
,,Actinocyclus,,,,ellipticus,,lanceolata,,Actinocyclus ellipticus lanceolata,diatoms,Actinocyclus ellipticus fa. lanceolata,,Actinocyclus ellipticus fa. lanceolata
,,Actinocyclus,,,,elongatus,,,,Actinocyclus elongatus,diatoms,Actinocyclus elongatus,,
,,Actinocyclus,,,,endoi,,,,Actinocyclus endoi,diatoms,Actinocyclus endoi,,
,,Actinocyclus,,,,fasciculatus,,,,Actinocyclus fasciculatus,diatoms,Actinocyclus fasciculatus,,
,,Actinocyclus,,,,fryxellae,,,,Actinocyclus fryxellae,diatoms,Actinocyclus fryxellae,,
,,Actinocyclus,,,,ingens,,,,Actinocyclus ingens,diatoms,Actinocyclus ingens,,
,,Actinocyclus,,,,ingens,,nodus,,Actinocyclus ingens nodus,diatoms,Actinocyclus ingens f. nodus,,Actinocyclus ingens f. nodus
,,Actinocyclus,,,,ingens,,ingens,,Actinocyclus ingens ingens,diatoms,Actinocyclus ingens var. ingens,,Actinocyclus ingens var. ingens
,,Actinocyclus,,,,ingens,,nodus,,Actinocyclus ingens nodus,diatoms,Actinocyclus ingens  var. nodus,,Actinocyclus ingens var. nodus
,,Actinocyclus,,,,ingens,,nodus,,Actinocyclus ingens nodus,diatoms,Actinocyclus ingens var. nodus,,Actinocyclus ingens var. nodus
,,Actinocyclus,,,,ingens,,ovalis,,Actinocyclus ingens ovalis,diatoms,Actinocyclus ingens var. ovalis,,Actinocyclus ingens var. ovalis
,,Actinocyclus,,,,karstenii,,,,Actinocyclus karstenii,diatoms,Actinocyclus karstenii,,
,,Actinocyclus,,,,maccollumii,,,,Actinocyclus maccollumii,diatoms,Actinocyclus maccollumii,,
,,Actinocyclus,,,,mahoodii,,,,Actinocyclus mahoodii,diatoms,Actinocyclus mahoodii,,
,,Actinocyclus,,,,moronensis,,,,Actinocyclus moronensis,diatoms,Actinocyclus moronensis,,
,,Actinocyclus,,,,ochotensis,,,,Actinocyclus ochotensis,diatoms,Actinocyclus ochotensis,,
,,Actinocyclus,,,,octonarius,,,,Actinocyclus octonarius,diatoms,Actinocyclus octonarius,,
,,Actinocyclus,,,,octonarius,,tenellus,,Actinocyclus octonarius tenellus,diatoms,Actinocyclus octonarius var. tenellus,,Actinocyclus octonarius var. tenellus
,,Actinocyclus,,,,oculatus,,,,Actinocyclus oculatus,diatoms,Actinocyclus oculatus,,
,,Actinocyclus,,,,robustus,,,,Actinocyclus robustus,diatoms,Actinocyclus robustus,,
,,Actinocyclus,,,,sp. C,,,,Actinocyclus sp. C,diatoms,Actinocyclus sp. C H&M1992,,Actinocyclus sp. C H&M1992
,,Actinocyclus,,,,sp.,,,,Actinocyclus sp.,diatoms,Actinocyclus sp. cf. A. actinochilus early form,,Actinocyclus sp. cf. A. actinochilus early form
,,Actinocyclus,,,cf.,tsugaruensis,,,,Actinocyclus cf. tsugaruensis,diatoms,Actinocyclus sp. cf. tsugaruensis,,Actinocyclus sp. cf. tsugaruensis
,,Actinocyclus,,,,spp.,,,,Actinocyclus spp.,diatoms,Actinocyclus spp.,,
,,Actinocyclus,,,,subtilis,,,,Actinocyclus subtilis,diatoms,Actinocyclus subtilis,,
,,Actinocyclus,,,,octonarius,var.,asteriscus,,Actinocyclus octonarius var. asteriscus,diatoms,Actinocylus octonarius var. asteriscus,,
,,Actinocyclus,,,,sp. F,,,,Actinocyclus sp. F,diatoms,Actinocylus sp. F,,
,,Actinocyclus,,,,senarius,,,,Actinocyclus senarius,diatoms,Actinoptychus senarius,,
,,Actinocyclus,,,,splendens,,,,Actinocyclus splendens,diatoms,Actinoptychus splendens,,
,,Actinocyclus,,,,spp.,,,,Actinocyclus spp.,diatoms,Actinoptychus spp.,,
,,Actinocyclus,,,,undulatus,,,,Actinocyclus undulatus,diatoms,Actinoptychus undulatus,,
,,Actinocyclus,,,,vulgaris,,,,Actinocyclus vulgaris,diatoms,Actinoptychus vulgaris,,
,,Actinocyclus,,,aff.,karstenii,,,,Actinocyclus aff. karstenii,diatoms,Actynocyclus cf. aff. karstenii,,
,,Actinocyclus,,,,ellipticus,f.,lanceolata,,Actinocyclus ellipticus f. lanceolata,diatoms,Actynocyclus ellipticus fa. lanceolata,,
,,Actinocyclus,,,,ellipticus,var.,javanica,,Actinocyclus ellipticus var. javanica,diatoms,Actynocyclus ellipticus var. javanica,,
,,Actinocyclus,,,,elongatus,,,,Actinocyclus elongatus,diatoms,Actynocyclus elongatus,,
,,Alveus,,,,marinus,,,,Alveus marinus,diatoms,Alveus marina,,
,,Alveus,,,,marinus,,,,Alveus marinus,diatoms,Alveus marinus,,
,,Amphitetras,,,,spp.,,,,Amphitetras spp.,diatoms,Amphitetras spp.,,
,,Amphora,,,,sp.,,,,Amphora sp.,diatoms,Amphora sp.,,
,,Anaulus,,,,spp.,,,,Anaulus spp.,diatoms,Anaulus spp.,,
,,Annellus,,,,californicus,,,,Annellus californicus,diatoms,Annellus californicus,,
,,Arachnoidiscus,,,,ehrenbergi,,,,Arachnoidiscus ehrenbergi,diatoms,Arachnodiscus ehrenbergi,,
,,Arachnoidiscus,,,,spp.,,,,Arachnoidiscus spp.,diatoms,Arachnoidiscus spp.,,
,,Araniscus,,,,lewisianus,,,,Araniscus lewisianus,diatoms,Araniscus lewisianus,,
,,Araniscus,,,,spp.,,,,Araniscus spp.,diatoms,Araniscus spp.,,
,,Asterolampra,,,,acutiloba,,,,Asterolampra acutiloba,diatoms,Asterolampra acutiloba,,
,,Asterolampra,,,,eximia,,,,Asterolampra eximia,diatoms,Asterolampra eximia,,
,,Asterolampra,,,,grevillei,,,,Asterolampra grevillei,diatoms,Asterolampra grevillei,,
,,Asterolampra,,,,marylandica,,,,Asterolampra marylandica,diatoms,Asterolampra marylandica,,
,,Asterolampra,,,,arachne,,,,Asterolampra arachne,diatoms,Asteromphalus arachne,,
,,Asterolampra,,,,cleveanus,,,,Asterolampra cleveanus,diatoms,Asteromphalus cleveanus,,
,,Asterolampra,,,,concavus,,,,Asterolampra concavus,diatoms,Asteromphalus concavus,,
,,Asteromphalus,,,,elegans,,,,Asteromphalus elegans,diatoms,Asteromphalus elegans,,
,,Asteromphalus,,,,flabellatus,,,,Asteromphalus flabellatus,diatoms,Asteromphalus flabellatus,,
,,Asteromphalus,,,,grevillei,,,,Asteromphalus grevillei,diatoms,Asteromphalus grevillei,,
,,Asteromphalus,,,,hookeri,,,,Asteromphalus hookeri,diatoms,Asteromphalus hookeri,,
,,Asteromphalus,,,,hookeri,,,,Asteromphalus hookeri,diatoms,Asteromphalus hookerii,,
,,Asteromphalus,,,,kennettii,,,,Asteromphalus kennettii,diatoms,Asteromphalus kennettii,,
,,Asteromphalus,,,,parvulus,,,,Asteromphalus parvulus,diatoms,Asteromphalus parvulus,,
,,Asteromphalus,,,,robustus,,,,Asteromphalus robustus,diatoms,Asteromphalus robustus,,
,,Asteromphalus,,,,spp.,,,,Asteromphalus spp.,diatoms,Asteromphalus spp.,,
,,Asteromphalus,,,,symmetricus,,,,Asteromphalus symmetricus,diatoms,Asteromphalus symmetricus,,
,,Aulacodiscus,,,,brownei,,,,Aulacodiscus brownei,diatoms,Aulacodiscus brownei,,
,,Aulacoseira,,,,granulata,,,,Aulacoseira granulata,diatoms,Aulacoseira granulata,,
,,Aulacoseira,,,,spp.,,,,Aulacoseira spp.,diatoms,Aulacoseira spp.,,
,,Azpeitia,,,,aeginensis,,,,Azpeitia aeginensis,diatoms,Azpeitia aeginensis,,
,,Azpeitia,,,,africana,,,,Azpeitia africana,diatoms,Azpeitia africana,,
,,Azpeitia,,,,africana,,,,Azpeitia africana,diatoms,Azpeitia africana (Janisch),,Azpeitia africana (Janisch)
,,Azpeitia,,,,apiculata,,,,Azpeitia apiculata,diatoms,Azpeitia apiculata,,
,,Azpeitia,,,,barronii,,,,Azpeitia barronii,diatoms,Azpeitia barronii,,
,,Azpeitia,,,,burky,,,,Azpeitia burky,diatoms,Azpeitia burky (Barron),,Azpeitia burky (Barron)
,,Azpeitia,,,,endoi,,,,Azpeitia endoi,diatoms,Azpeitia endoi,,
,,Azpeitia,,,,gombosi,,,,Azpeitia gombosi,diatoms,Azpeitia gombosi,,
,,Azpeitia,,,,neocrenulata,,,,Azpeitia neocrenulata,diatoms,Azpeitia neocrenulata,,
,,Azpeitia,,,,nodulifera,,,,Azpeitia nodulifera,diatoms,Azpeitia nodulifera,,
,,Azpeitia,,,,nodulifera,,,,Azpeitia nodulifera,diatoms,Azpeitia nodulifera (Schmidt),,Azpeitia nodulifera (Schmidt)
,,Azpeitia,,,,nodulifera,f.,cyclopa,,Azpeitia nodulifera f. cyclopa,diatoms,Azpeitia nodulifera f. cyclopa (Jouse),,Azpeitia nodulifera f. cyclopa (Jouse)
,,Azpeitia,,,,nodulifera,f.,cyclopa,,Azpeitia nodulifera f. cyclopa,diatoms,Azpeitia nodulifera fa. cyclopa,,
,,Azpeitia,,,,praenodulifera,,,,Azpeitia praenodulifera,diatoms,Azpeitia praenodulifera,,
,,Azpeitia,,,,salisburyana,,,,Azpeitia salisburyana,diatoms,Azpeitia salisburyana,,
,,Azpeitia,,,,sp.,,,,Azpeitia sp.,diatoms,Azpeitia sp.,,
,,Azpeitia,,,,spp.,,,,Azpeitia spp.,diatoms,Azpeitia spp.,,
,,Azpeitia,,,,tabularis,,,,Azpeitia tabularis,diatoms,Azpeitia tabularis,,
,,Azpeitia,,,,vetustissima,,,,Azpeitia vetustissima,diatoms,Azpeitia vetustissima,,
,,Bacteriastrum,,,,elongatum,,,,Bacteriastrum elongatum,diatoms,Bacteriastrum elongatum,,
,,Bacteriastrum,,,,furcatum,,,,Bacteriastrum furcatum,diatoms,Bacteriastrum furcatum,,
,,Bacteriastrum,,,,hyalinum,,,,Bacteriastrum hyalinum,diatoms,Bacteriastrum hyalinum,,
,,Bacteriastrum,,,,sp.,,,,Bacteriastrum sp.,diatoms,Bacteriastrum sp.,,
,,Bacteriastrum,,,,spp.,,,,Bacteriastrum spp.,diatoms,Bacteriastrum spp.,,
,,Bacterosira,,,,fragilis,,,,Bacterosira fragilis,diatoms,Bacteriosira fragilis,,
Bacillariophyceae indet.,,,,,,,,,,Bacillariophyceae indet.,diatoms,Bacteriostriata spp.,,"Entered as ""Bacteriostriata spp."" - could be a misspelling of several diatom genera"
,,Bacterosira,,,,bathyomphala,,,,Bacterosira bathyomphala,diatoms,Bacterosira bathyomphala,,
,,Bacterosira,,,,fragilis,,,,Bacterosira fragilis,diatoms,Bacterosira fragilis,,
,,Bacterosira,,,,spp.,,,,Bacterosira spp.,diatoms,Bacterosira spp.,,
,,Bogorovia,,,,barronii,,,,Bogorovia barronii,diatoms,Bogorovia barronii,,
,,Bogorovia,,,,lancettula,,,,Bogorovia lancettula,diatoms,Bogorovia lancettula,,
,,Bogorovia,,,,veniamini,,,,Bogorovia veniamini,diatoms,Bogorovia veniamini,,
,,Brightwellia,,,,sp.,,,,Brightwellia sp.,diatoms,Brightwellia sp.,,
,,Caloneis,,,,bacillum,,,,Caloneis bacillum,diatoms,Calloneis bacillum,,"Entered as ""Calloneis bacillum"""
,,Cavitatus,,,,jouseanus,,,,Cavitatus jouseanus,diatoms,Cavitatus jouseanus,,
,,Cavitatus,,,,linearis,,,,Cavitatus linearis,diatoms,Cavitatus linearis,,
,,Cavitatus,,,,miocenicus,,,,Cavitatus miocenicus,diatoms,Cavitatus miocenica (Schrader),,Cavitatus miocenica (Schrader)
,,Cavitatus,,,,miocenicus,,,,Cavitatus miocenicus,diatoms,Cavitatus miocenicus,,
,,Cavitatus,,,,spp.,,,,Cavitatus spp.,diatoms,Cavitatus spp.,,
,,Cestodiscus,,,,peplum,,,,Cestodiscus peplum,diatoms,Cestodiscus peplum,,
,,Cestodiscus,,,,pulchellus,,,,Cestodiscus pulchellus,diatoms,Cestodiscus pulchellus,,
,,Cestodiscus,,,,pulchellus,var.,maculatus,,Cestodiscus pulchellus var. maculatus,diatoms,Cestodiscus pulchellus var. maculatus,,
,,Cestodiscus,,,,sp.,,,,Cestodiscus sp.,diatoms,Cestodiscus sp.,,
,,Cestodiscus,,,,spp.,,,,Cestodiscus spp.,diatoms,Cestodiscus spp.,,
,,Cestodiscus,,,,trochus,,,,Cestodiscus trochus,diatoms,Cestodiscus trochus,,
,,Chaetoceros,,,,spp.,,,,Chaetoceros spp.,diatoms,Chaetoceros spp.,,
,,Chaetoceros,,,,spp.,,,,Chaetoceros spp.,diatoms,Chaetoceros spp. (resting spores),,Chaetoceros spp. (resting spores)
,,Chaetoceros,,,,spp.,,,,Chaetoceros spp.,diatoms,Chaetoceros spp. and similar spores,,Chaetoceros spp. and similar spores
,,Charcotia,,,,actinochilus,,,,Charcotia actinochilus,diatoms,Charcotia actinochilus,,
,,Cocconeis ,,,,californica,,,,Cocconeis californica,diatoms,Cocconeis californica,,
,,Cocconeis ,,,,costata,,,,Cocconeis costata,diatoms,Cocconeis costata,,
,,Cocconeis ,,,,disculus,,,,Cocconeis disculus,diatoms,Cocconeis disculus,,
,,Cocconeis ,,,,fluminensis,,,,Cocconeis fluminensis,diatoms,Cocconeis fluminensis,,
,,Cocconeis ,,,,pseudomarginatus,,,,Cocconeis pseudomarginatus,diatoms,Cocconeis pseudomarginatus,,
,,Cocconeis ,,,,scutellum,,,,Cocconeis scutellum,diatoms,Cocconeis scutellum,,
,,Cocconeis ,,,,spp.,,,,Cocconeis spp.,diatoms,Cocconeis spp.,,
,,Corbisema,,,,hastata,,hastata,,Corbisema hastata hastata,diatoms,Corbisema hastata hastata,,
,,Corbisema,,,,triacantha,,,,Corbisema triacantha,diatoms,Corbisema triacantha,,
,,Corethron,,,,criophilum,,,,Corethron criophilum,diatoms,Corethron criophilum,,
,,Corethron,,,,pennatum,,,,Corethron pennatum,diatoms,Corethron pennatum,,
,,Coscinodiscus,,,,argus,,,,Coscinodiscus argus,diatoms,Coscinodiscus argus,,
,,Coscinodiscus,,,,asteromphalus,,,,Coscinodiscus asteromphalus,diatoms,Coscinodiscus asteromphalus,,
,,Coscinodiscus,,,,decrescens,,,,Coscinodiscus decrescens,diatoms,Coscinodiscus decrescens,,
,,Coscinodiscus,,,,gigas,var.,diorama,,Coscinodiscus gigas var. diorama,diatoms,Coscinodiscus gigas var. diorama,,
,,Coscinodiscus,,,,lewisianus,,,,Coscinodiscus lewisianus,diatoms,Coscinodiscus lewisianus,,
,,Coscinodiscus,,,,lewisianus,var.,spiralis,,Coscinodiscus lewisianus var. spiralis,diatoms,Coscinodiscus lewisianus var. spiralis,,
,,Coscinodiscus,,,,marginatus,,,,Coscinodiscus marginatus,diatoms,Coscinodiscus marginatus,,
,,Coscinodiscus,,,,nodulifer,,,,Coscinodiscus nodulifer,diatoms,Coscinodiscus nodulifer,,
,,Coscinodiscus,,,,obscurus,,,,Coscinodiscus obscurus,diatoms,Coscinodiscus obscurus,,
,,Coscinodiscus,,,,oculus-iridis,,,,Coscinodiscus oculus-iridis,diatoms,Coscinodiscus oculus-iridis,,
,,Coscinodiscus,,,,radiatus,,,,Coscinodiscus radiatus,diatoms,Coscinodiscus radiatus,,
,,Coscinodiscus,,,,sp. A,,,,Coscinodiscus sp. A,diatoms,Coscinodiscus sp. A,,
,,Coscinodiscus,,,,sp. A,,,,Coscinodiscus sp. A,diatoms,Coscinodiscus sp. A MSSTS,,Coscinodiscus sp. A MSSTS
,,Coscinodiscus,,,,spp.,,,,Coscinodiscus spp.,diatoms,Coscinodiscus spp.,,
,,Coscinodiscus,,,,symbolophorus,,,,Coscinodiscus symbolophorus,diatoms,Coscinodiscus symbolophorus,,
,,Coscinodiscus,,,,temperei,var.,delicata,,Coscinodiscus temperei var. delicata,diatoms,Coscinodiscus temperei var. delicata,,
,,Craspedodiscus,,,,coscinodiscus,,,,Craspedodiscus coscinodiscus,diatoms,Craspedodiscus coscinodiscus,,
,,Craspedodiscus,,,,elegans,,,,Craspedodiscus elegans,diatoms,Craspedodiscus elegans,,
,,Creania,,,,lacyae,,,,Creania lacyae,diatoms,Creania lacyae,,
,,Crucidenticula,,,,kanayae,,,,Crucidenticula kanayae,diatoms,Crucidenticula kanayae,,
,,Crucidenticula,,,,nicobarica,,,,Crucidenticula nicobarica,diatoms,Crucidenticula nicobarica,,
,,Cussia,,,,lancettula,,,,Cussia lancettula,diatoms,Cussia lancettula,,
,,Cyclotella,,,,kutzingiana,,,,Cyclotella kutzingiana,diatoms,Cyclotella kutzingiana,,
,,Cyclotella,,,,meneghiniana,,,,Cyclotella meneghiniana,diatoms,Cyclotella meneghiniana,,
,,Cyclotella,,,,spp.,,,,Cyclotella spp.,diatoms,Cyclotella spp.,,
,,Cyclotella,,,,striata,,,,Cyclotella striata,diatoms,Cyclotella striata,,
,,Cyclotella,,,,striata,,,,Cyclotella striata,diatoms,Cyclotella striata (Kutzing),,Cyclotella striata (Kutzing)
,,Cymatosira,,,,biharensis,,,,Cymatosira biharensis,diatoms,Cymatosira biharensis,,
,,Cymbella,,,,spp.,,,,Cymbella spp.,diatoms,Cymbella spp.,,
,,Cymbella,,,,tumida,,,,Cymbella tumida,diatoms,Cymbella tumida,,
,,Dactylacanthis,,,,spp.,,,,Dactylacanthis spp.,diatoms,Dactylacanthis spp.,,
,,Dactyliosolen,,,,antarcticus,,,,Dactyliosolen antarcticus,diatoms,Dactyliosolen antarcticus,,
,,Delphineis,,,,angustata,,,,Delphineis angustata,diatoms,Delphineis angustata,,
,,Delphineis,,,,kippae,,,,Delphineis kippae,diatoms,Delphineis kippae,,
,,Delphineis,,,,simonsenii,,,,Delphineis simonsenii,diatoms,Delphineis simonsenii,,
,,Delphineis,,,,spp.,,,,Delphineis spp.,diatoms,Delphineis spp.,,
,,Delphineis,,,,surirella,,,,Delphineis surirella,diatoms,Delphineis surirella,,
,,Neodenticula,,,,seminae,,,,Neodenticula seminae,diatoms,Denticulopsis aff. Seminae = Neodenticula seminae,,Denticulopsis aff. Seminae = Neodenticula seminae
,,Denticulopsis,,,,barronii,,,,Denticulopsis barronii,diatoms,Denticulopsis barronii,,
,,Denticulopsis,,,cf.,katayamae,,,,Denticulopsis cf. katayamae,diatoms,Denticulopsis  cf. katayamae,,
,,Denticulopsis,,,,crassa,,,,Denticulopsis crassa,diatoms,Denticulopsis crassa,,
,,Denticulopsis,,,,crassa,,,,Denticulopsis crassa,diatoms,Denticulopsis crassa (closed copula),,Denticulopsis crassa (closed copula)
,,Denticulopsis,,,,delicata,,,,Denticulopsis delicata,diatoms,Denticulopsis delicata,,
,,Denticulopsis,,,,dimorpha,,,,Denticulopsis dimorpha,diatoms,Denticulopsis dimorpha,,
,,Denticulopsis,,,,dimorpha,var.,areolata,,Denticulopsis dimorpha var. areolata,diatoms,Denticulopsis dimorpha var. areolata,,
,,Denticulopsis,,,,hustedtii,,,,Denticulopsis hustedtii,diatoms,Denticulopsis hustedtii,,
,,Denticulopsis,,,,hustedtii,,,,Denticulopsis hustedtii,diatoms,Denticulopsis hustedtii (elliptical),,Denticulopsis hustedtii (elliptical)
,,Denticulopsis,,,,hyalina,,,,Denticulopsis hyalina,diatoms,Denticulopsis hyalina,,
,,Denticulopsis,,,,ichikawae,,,,Denticulopsis ichikawae,diatoms,Denticulopsis ichikawae,,
,,Denticulopsis,,,,katayamae,,,,Denticulopsis katayamae,diatoms,Denticulopsis katayamae,,
,,Denticulopsis,,,,lauta,,,,Denticulopsis lauta,diatoms,Denticulopsis lauta,,
,,Denticulopsis,,,,maccollumii,,,,Denticulopsis maccollumii,diatoms,Denticulopsis maccollumii,,
,,Denticulopsis,,,,okunoi,,,,Denticulopsis okunoi,diatoms,Denticulopsis okunoi,,
,,Denticulopsis,,,,ovata,,,,Denticulopsis ovata,diatoms,Denticulopsis ovata,,
,,Denticulopsis,,,,praedimorpha,,,,Denticulopsis praedimorpha,diatoms,Denticulopsis praedimorpha,,
,,Denticulopsis,,,,praedimorpha,var.,intermedia,,Denticulopsis praedimorpha var. intermedia,diatoms,Denticulopsis praedimorpha v. intermedia,,
,,Denticulopsis,,,,praedimorpha,var.,minor,,Denticulopsis praedimorpha var. minor,diatoms,Denticulopsis praedimorpha v. minor,,
,,Denticulopsis,,,,praelauta,,,,Denticulopsis praelauta,diatoms,Denticulopsis praelauta,,
,,Denticulopsis,,,,simonsenii,,,,Denticulopsis simonsenii,diatoms,Denticulopsis simonsenii,,
,,Denticulopsis,,,,spp.,,,,Denticulopsis spp.,diatoms,Denticulopsis spp.,,
,,Denticulopsis,,,,vulgaris,,,,Denticulopsis vulgaris,diatoms,Denticulopsis vulgaris,,
,,Denticulopsis,,,s.l.,lauta,,,,Denticulopsis s.l. lauta,diatoms,Denticulopsos lauta s.l.,,
,,Dicladia,,,,lorenzianus,,,,Dicladia lorenzianus,diatoms,Dicladia lorenzianus,,
,,Dicladia,,,,sp.,,,,Dicladia sp.,diatoms,Dicladia sp.,,
,,Dictyocha,,,,pulchella,,,,Dictyocha pulchella,diatoms,Dictyocha pulchella,,
,,Dictyocha,,,,speculum,,,,Dictyocha speculum,diatoms,Dictyocha speculum,,
,,Dictyocha,,,,spp.,,,,Dictyocha spp.,diatoms,Dictyocha spp.,,
,,Diplomenora,,,,cocconeisformis,,,,Diplomenora cocconeisformis,diatoms,Diplomenora cocconeisformis,,
,,Diploneis,,,,aestuari,,,,Diploneis aestuari,diatoms,Diploneis aestuari,,
,,Diploneis,,,,bombus,,,,Diploneis bombus,diatoms,Diploneis bombus,,
,,Diploneis,,,,elliptica,,,,Diploneis elliptica,diatoms,Diploneis elliptica,,
,,Diploneis,,,,fusca,,,,Diploneis fusca,diatoms,Diploneis fusca,,
,,Diploneis,,,,ovalis,,,,Diploneis ovalis,diatoms,Diploneis ovalis,,
,,Diploneis,,,,smithii,,,,Diploneis smithii,diatoms,Diploneis smithii,,
,,Diploneis,,,,spp.,,,,Diploneis spp.,diatoms,Diploneis spp.,,
,,Dispinodiscus,,,,sp.,,,,Dispinodiscus sp.,diatoms,Dispinodiscus sp.,,
,,Dictyocha,,,,fibula,,,,Dictyocha fibula,diatoms,Dyctiocha fibula,,
,,Endictya,,,,robusta,,,,Endictya robusta,diatoms,Endictya robusta,,
,,Entopyla,,,,spp.,,,,Entopyla spp.,diatoms,Entopyla spp.,,
,,Epithemia,,,,argus,,,,Epithemia argus,diatoms,Epithemia argus,,
,,Epithemia,,,,turgida,,,,Epithemia turgida,diatoms,Epithemia turgida,,
,,Ethmodiscus,,,,rex,,,,Ethmodiscus rex,diatoms,Ethmodiscus rex,,
,,Ethmodiscus,,,,sp.,,,,Ethmodiscus sp.,diatoms,Ethmodiscus sp.,,
,,Ethmodiscus,,,,sp.,,,,Ethmodiscus sp.,diatoms,Ethmodiscus sp. fragments,,Ethmodiscus sp. fragments
,,Eucampia,,,,antactica,var.,twista,,Eucampia antactica var. twista,diatoms,Eucampia antactica var. twista,,
,,Eucampia,,,,antactica,,,,Eucampia antactica,diatoms,Eucampia antarctica,,
,,Eucampia,,,,antactica,var.,twista,,Eucampia antactica var. twista,diatoms,Eucampia antarctica var twista,,
,,Eunotia,,,,spp.,,,,Eunotia spp.,diatoms,Eunotia spp.,,
,,Eurossia,,,,irregularis,var.,incurvatus,,Eurossia irregularis var. incurvatus,diatoms,Eurossia irregularis var. incurvatus,,
,,Eurossia,,,,irregularis,var.,irregularis,,Eurossia irregularis var. irregularis,diatoms,Eurrosia irregularis var. irregularis,,
,,Eustephanias,,,,spp.,,,,Eustephanias spp.,diatoms,Eustephanias spp.,,
,,Fragilariopsis,,,,cylindrus,,,,Fragilariopsis cylindrus,diatoms,Flagilariopsis cylindrus,,
,,Fragilariopsis,,,,evenescens,,,,Fragilariopsis evenescens,diatoms,Fragiariopsis evenescens,,
,,Fragilaria,,,,leptostauron,,,,Fragilaria leptostauron,diatoms,Fragilaria leptostauron,,
,,Fragilaria,,,,sp.,,,,Fragilaria sp.,diatoms,Fragilaria sp.,,
,,Fragilariopsis,,,,arcula,,,,Fragilariopsis arcula,diatoms,Fragilariopsis arcula,,
,,Fragilariopsis,,,,aurica,,,,Fragilariopsis aurica,diatoms,Fragilariopsis aurica,,
,,Fragilariopsis,,,,barronii,,,,Fragilariopsis barronii,diatoms,Fragilariopsis barronii,,
,,Fragilariopsis,,,,sp.,,,,Fragilariopsis sp.,diatoms,Fragilariopsis barronii/kerguelensis transtitional form,,Fragilariopsis barronii/kerguelensis transitional form
,,Fragilariopsis,,,,bohatyi,,,,Fragilariopsis bohatyi,diatoms,Fragilariopsis bohatyi,,
,,Fragilariopsis,,,,claviceps,,,,Fragilariopsis claviceps,diatoms,Fragilariopsis claviceps,,
,,Fragilariopsis,,,,clementia,,,,Fragilariopsis clementia,diatoms,Fragilariopsis clementia,,
,,Fragilariopsis,,,,curta,,,,Fragilariopsis curta,diatoms,Fragilariopsis curta,,
,,Fragilariopsis,,,,cylindrus,,,,Fragilariopsis cylindrus,diatoms,Fragilariopsis cylindrus,,
,,Fragilariopsis,,,,doliolus,,,,Fragilariopsis doliolus,diatoms,Fragilariopsis doliolus,,
,,Fragilariopsis,,,,doliolus,,,,Fragilariopsis doliolus,diatoms,Fragilariopsis doliolus (Wallich),,Fragilariopsis doliolus (Wallich)
,,Fragilariopsis,,,,donahuensis,,,,Fragilariopsis donahuensis,diatoms,Fragilariopsis donahuensis,,
,,Fragilariopsis,,,,fossilis,,,,Fragilariopsis fossilis,diatoms,Fragilariopsis fossilis,,
,,Fragilariopsis,,,,interfrigidaria,,,,Fragilariopsis interfrigidaria,diatoms,Fragilariopsis interfrigidaria,,
,,Fragilariopsis,,,,januaria,,,,Fragilariopsis januaria,diatoms,Fragilariopsis januaria,,
,,Fragilariopsis,,,,kerguelensis,,,,Fragilariopsis kerguelensis,diatoms,Fragilariopsis kerguelensis,,
,,Fragilariopsis,,,,laqueus,,,,Fragilariopsis laqueus,diatoms,Fragilariopsis laqueus,,
,,Fragilariopsis,,,,linearis,,,,Fragilariopsis linearis,diatoms,Fragilariopsis linearis,,
,,Fragilariopsis,,,,maleinterpretaria,,,,Fragilariopsis maleinterpretaria,diatoms,Fragilariopsis maleinterpretaria,,
,,Fragilariopsis,,,,obliquecostata,,,,Fragilariopsis obliquecostata,diatoms,Fragilariopsis obliquecostata,,
,,Fragilariopsis,,,,praecurta,,,,Fragilariopsis praecurta,diatoms,Fragilariopsis praecurta,,
,,Fragilariopsis,,,,praeinterfrigidaria,,,,Fragilariopsis praeinterfrigidaria,diatoms,Fragilariopsis praeinterfrigidaria,,
,,Fragilariopsis,,,,pseudonana,,,,Fragilariopsis pseudonana,diatoms,Fragilariopsis pseudonana,,
,,Fragilariopsis,,,,pusilla,,,,Fragilariopsis pusilla,diatoms,Fragilariopsis pusilla,,
,,Fragilariopsis,,,,reinholdii,,,,Fragilariopsis reinholdii,diatoms,Fragilariopsis reinholdii,,
,,Fragilariopsis,,,,reinholdii,,,,Fragilariopsis reinholdii,diatoms,Fragilariopsis reinholdii (Kanaya ex Barron ex Baldouf),,Fragilariopsis reinholdii (Kanaya ex Barron ex Baldouf)
,,Fragilariopsis,,,,rhombica,,,,Fragilariopsis rhombica,diatoms,Fragilariopsis rhombica,,
,,Fragilariopsis,,,,ritscheri,,,,Fragilariopsis ritscheri,diatoms,Fragilariopsis ritscheri,,
,,Fragilariopsis,,,,robusta,,,,Fragilariopsis robusta,diatoms,Fragilariopsis robusta,,
,,Fragilariopsis,,,,separanda,,,,Fragilariopsis separanda,diatoms,Fragilariopsis separanda,,
,,Fragilariopsis,,,,spp.,,,,Fragilariopsis spp.,diatoms,Fragilariopsis spp.,,
,,Fragilariopsis,,,,sublinearis,,,,Fragilariopsis sublinearis,diatoms,Fragilariopsis sublinearis,,
,,Fragilariopsis,,,,tigris,,,,Fragilariopsis tigris,diatoms,Fragilariopsis tigris,,
,,Fragilariopsis,,,,truncata,,,,Fragilariopsis truncata,diatoms,Fragilariopsis truncata,,
,,Fragilariopsis,,,,weaveri,,,,Fragilariopsis weaveri,diatoms,Fragilariopsis weaveri,,
,,Gomphonema,,,,olivacium,,,,Gomphonema olivacium,diatoms,Gomphonema olivacium,,
,,Goniothecium,,,,odontella,,,,Goniothecium odontella,diatoms,Goniothecium odontella,,
,,Grammatophora,,,,spp.,,,,Grammatophora spp.,diatoms,Grammatophora spp.,,
,,Halamphora,,,,costata,,,,Halamphora costata,diatoms,Halamphora costata,,
,,Halamphora,,,,spp.,,,,Halamphora spp.,diatoms,Halamphora spp.,,
,,Haslea,,,,sp.,,,,Haslea sp.,diatoms,Haslea sp.,,
,,Hemiaulus,,,,altus,,,,Hemiaulus altus,diatoms,Hemiaulus altus,,
,,Hemiaulus,,,,angustobrachiatus,,,,Hemiaulus angustobrachiatus,diatoms,Hemiaulus angustobrachiatus,,
,,Hemiaulus,,,,caracteristicus,,,,Hemiaulus caracteristicus,diatoms,Hemiaulus caracteristicus,,
,,Hemiaulus,,,,danicus,,,,Hemiaulus danicus,diatoms,Hemiaulus danicus,,
,,Hemiaulus,,,,dissimilis,,,,Hemiaulus dissimilis,diatoms,Hemiaulus dissimilis,,
,,Hemiaulus,,,,grassus,,,,Hemiaulus grassus,diatoms,Hemiaulus grassus,,
,,Hemiaulus,,,,incisus,,,,Hemiaulus incisus,diatoms,Hemiaulus incisus,,
,,Hemiaulus,,,,peripterus,var.,peripterus,,Hemiaulus peripterus var. peripterus,diatoms,Hemiaulus peripterus var. peripterus,,
,,Hemiaulus,,,,polycystinorum,,,,Hemiaulus polycystinorum,diatoms,Hemiaulus polycystinorum,,
,,Hemiaulus,,,,sp.,,,,Hemiaulus sp.,diatoms,Hemiaulus sp.,,
,,Hemidiscus,,,,cuneiformis,,,,Hemidiscus cuneiformis,diatoms,Hemidiscus cuneiformis,,
,,Hemidiscus ,,,,karstenii,,,,Hemidiscus karstenii,diatoms,Hemidiscus karstenii,,
,,Hemidiscus,,,,simplicissimus,,,,Hemidiscus simplicissimus,diatoms,Hemidiscus simplicissimus,,
,,Hercotheca,,,,sp.,,,,Hercotheca sp.,diatoms,Hercotheca sp.,,
,,Hyalodiscus,,,,obsoletus,,,,Hyalodiscus obsoletus,diatoms,Hyalodiscus obsoletus,,
,,Hyalodiscus,,,,scoticus,,,,Hyalodiscus scoticus,diatoms,Hyalodiscus scoticus,,
,,Hyalodiscus,,,,sp.,,,,Hyalodiscus sp.,diatoms,Hyalodiscus sp.,,
,,Hyalodiscus,,,,spp.,,,,Hyalodiscus spp.,diatoms,Hyalodiscus spp.,,
,,Kannoa,,,,hastata,,,,Kannoa hastata,diatoms,Kannoa hastata,,
,,Kannoa,,,,sp.,,,,Kannoa sp.,diatoms,Kannoa sp.,,
,,Kisseleviella,,,,cicatricata,,,,Kisseleviella cicatricata,diatoms,Kisseleviella cicatricata,,
,,Kisseleviella,,,,gaster,,,,Kisseleviella gaster,diatoms,Kisseleviella gaster,,
,,Kisseleviella,,,,sp.,,,,Kisseleviella sp.,diatoms,Kisseleviella sp.,,
,,Kisseleviella,,,,tricoronata,,,,Kisseleviella tricoronata,diatoms,Kisseleviella tricoronata,,
,,Leptocylindrus,,,,spp.,,,,Leptocylindrus spp.,diatoms,Leptocylindrus spp.,,
,,Lioloma,,,,spp.,,,,Lioloma spp.,diatoms,Lioloma spp.,,
Thalassiosiraceae indet.,,,,,,,,,,Thalassiosiraceae indet.,diatoms,Lioloma spp. or Thalassiothrix spp.,,Lioloma spp. or Thalassiothrix spp.
,,Liradiscus,,,,ovalis,,,,Liradiscus ovalis,diatoms,Liradiscus ovalis,,
,,Lisitzinia,,,,ornata,,,,Lisitzinia ornata,diatoms,Lisitzinia ornata,,
,,Melosira,,,,albicans,,,,Melosira albicans,diatoms,Melosira albicans,,
,,Mesocena,,,,elliptica,,,,Mesocena elliptica,diatoms,Mesocena elliptica,,
,,Mesocena,,,,quadrangula,,,,Mesocena quadrangula,diatoms,Mesocena quadrangula,,
,,Navicula,,,,hennedyi,,,,Navicula hennedyi,diatoms,Navicula hennedyi,,
,,Navicula,,,,lyra,,,,Navicula lyra,diatoms,Navicula lyra,,
,,Navicula,,,,mutica,,,,Navicula mutica,diatoms,Navicula mutica,,
,,Navicula,,,,salinarum,,,,Navicula salinarum,diatoms,Navicula salinarum,,
,,Navicula,,,,spectabilis,,,,Navicula spectabilis,diatoms,Navicula spectabilis,,
,,Navicula,,,,spp.,,,,Navicula spp.,diatoms,Navicula spp.,,
,,Navicula,,,,wisei,,,,Navicula wisei,diatoms,Navicula wisei,,
,,Navicula,,,,eobiapiculata,,,,Navicula eobiapiculata,diatoms,Naviculopsis eobiapiculata,,
,,Neobrunia,,,,mirabilis,,,,Neobrunia mirabilis,diatoms,Neobrunia mirabilis,,
,,Neodenticula,,,,kamtschatica,,,,Neodenticula kamtschatica,diatoms,Neodenticula kamtschatica,,
,,Neodenticula,,,,koizumii,,,,Neodenticula koizumii,diatoms,Neodenticula koizumii,,
,,Neodenticula,,,,seminae,,,,Neodenticula seminae,diatoms,Neodenticula seminae,,
,,Neodenticula,,,,spp.,,,,Neodenticula spp.,diatoms,Neodenticula spp.,,
,,Nitzschia ,,,,bicapitata,,,,Nitzschia bicapitata,diatoms,Nitzschia bicapitata,,
,,Nitzschia,,,,braarudii,,,,Nitzschia braarudii,diatoms,Nitzschia braarudii,,
,,Nitzschia,,,,capuluspalae,,,,Nitzschia capuluspalae,diatoms,Nitzschia capuluspalae,,
,,Nitzschia,,,,cylindrica,,,,Nitzschia cylindrica,diatoms,Nitzschia cylindrica,,
,,Nitzschia,,,,denticuloides,,,,Nitzschia denticuloides,diatoms,Nitzschia denticuloides,,
,,Nitzschia,,,,efferans,,,,Nitzschia efferans,diatoms,Nitzschia efferans,,
,,Nitzschia,,,,fossilis,,,,Nitzschia fossilis,diatoms,Nitzschia fossilis,,
,,Nitzschia,,,,grossepunctata,,,,Nitzschia grossepunctata,diatoms,Nitzschia grossepunctata,,
,,Nitzschia,,,,interruptestriata,,,,Nitzschia interruptestriata,diatoms,Nitzschia interruptestriata,,
,,Nitzschia,,,,jouseae,,,,Nitzschia jouseae,diatoms,Nitzschia jouseae,,
,,Nitzschia,,,,malinterpretaria,,,,Nitzschia malinterpretaria,diatoms,Nitzschia malinterpretaria,,
,,Nitzschia,,,,marina,,,,Nitzschia marina,diatoms,Nitzschia marina,,
,,Nitzschia,,,,miocenica,,,,Nitzschia miocenica,diatoms,Nitzschia miocenica,,
,,Nitzschia,,,,panduriformis,var.,minor,,Nitzschia panduriformis var. minor,diatoms,Nitzschia panduriformis var. minor,,
,,Nitzschia,,,,pliocena,,,,Nitzschia pliocena,diatoms,Nitzschia pliocena,,
,,Nitzschia,,,,porteri,,,,Nitzschia porteri,diatoms,Nitzschia porteri,,
,,Nitzschia,,,,praereinholdii,,,,Nitzschia praereinholdii,diatoms,Nitzschia praereinholdii,,
,,Nitzschia,,,,punctata,,,,Nitzschia punctata,diatoms,Nitzschia punctata,,
,,Nitzschia,,,,reinholdii,,,,Nitzschia reinholdii,diatoms,Nitzschia reiholdii,,
,,Nitzschia,,,,reinholdii,,,,Nitzschia reinholdii,diatoms,Nitzschia reinholdii,,
,,Nitzschia,,,,rolandii,,,,Nitzschia rolandii,diatoms,Nitzschia rolandii,,
,,Nitzschia,,,,sicula,,,,Nitzschia sicula,diatoms,Nitzschia sicula,,
,,Nitzschia,,,,sp. 1,,,,Nitzschia sp. 1,diatoms,Nitzschia sp. 1,,
,,Nitzschia,,,,sp. 17,,,,Nitzschia sp. 17,diatoms,Nitzschia sp. 17,,
,,Nitzschia,,,,spp.,,,,Nitzschia spp.,diatoms,Nitzschia spp.,,
,,Odontella,,,,aurita,,,,Odontella aurita,diatoms,Odontella aurita,,
,,Odontella,,,,spp.,,,,Odontella spp.,diatoms,Odontella spp.,,
,,Paralia,,,,clavigera,,,,Paralia clavigera,diatoms,Paralia clavigera,,
,,Paralia,,,,spp.,,,,Paralia spp.,diatoms,Paralia spp.,,
,,Paralia,,,,sulcata,,,,Paralia sulcata,diatoms,Paralia sulcata,,
,,Pinnularia,,,,borealis,,,,Pinnularia borealis,diatoms,Pinnularia borealis,,
,,Pinnularia,,,,spp.,,,,Pinnularia spp.,diatoms,Pinnularia spp.,,
,,Planktoniella,,,,sol,,,,Planktoniella sol,diatoms,Planktoniella sol,,
,,Porosira,,,,glacialis,,,,Porosira glacialis,diatoms,Porosira glaciais,,
,,Porosira,,,,glacialis,,,,Porosira glacialis,diatoms,Porosira glacialis,,
,,Porosira,,,,pseudodenticulata,,,,Porosira pseudodenticulata,diatoms,Porosira pseudodenticulata,,
,,Proboscia,,,?,cretacea,,,,Proboscia ? cretacea,diatoms,Proboscia ?cretacea,,
,,Proboscia,,,,barboi,,,,Proboscia barboi,diatoms,Proboscia barboi,,
,,Proboscia,,,,curvirostris,,,,Proboscia curvirostris,diatoms,Proboscia curvirostris,,
,,Proboscia,,,,inermis,,,,Proboscia inermis,diatoms,Proboscia inermis,,
,,Proboscia,,,,interposita,,,,Proboscia interposita,diatoms,Proboscia interposita,,
,,Proboscia,,,,praebarboi,,,,Proboscia praebarboi,diatoms,Proboscia praebarboi,,
,,Proboscia,,,,sp.,,,,Proboscia sp.,diatoms,Proboscia sp,,
,,Proboscia,,,,sp.,,,,Proboscia sp.,diatoms,Proboscia sp.,,
,,Proboscia,,,,spp.,,,,Proboscia spp.,diatoms,Proboscia spp.,,
,,Pseudodimerogramma,,,,elegans,,,,Pseudodimerogramma elegans,diatoms,Pseudodimerogramma elegans,,
,,Pseudopodosira,,,,sp.,,,,Pseudopodosira sp.,diatoms,Pseudopodosira sp.,,
,,Pseudopyxilla,,,,americana,,,,Pseudopyxilla americana,diatoms,Pseudopyxilla americana,,
,,Pseudosolenia,,,,calcar-avis,,,,Pseudosolenia calcar-avis,diatoms,Pseudosolenia calcar-avis,,
,,Pseudotriceratium,,,,cinnamomeum,,,,Pseudotriceratium cinnamomeum,diatoms,Pseudotriceratium cinnamomeum,,
,,Pseudotriceratium,,,,radiosoreticulatum,,,,Pseudotriceratium radiosoreticulatum,diatoms,Pseudotriceratium radiosoreticulatum,,
,,Pterotheca,,,,sp. A,,,,Pterotheca sp. A,diatoms,Pterotheca sp. A of Scherer et al. 2001,,Pterotheca sp. A of Scherer et al. 2001
,,Pyxilla,,,,reticulata,,,,Pyxilla reticulata,diatoms,Pyxilla reticulata,,
,,Pyxilla,,,,sp.,,,,Pyxilla sp.,diatoms,Pyxilla sp.,,
,,Pyxilla,,,,spp.,,,,Pyxilla spp.,diatoms,Pyxilla spp.,,
,,Radialiplicata,,,,clavigera,,,,Radialiplicata clavigera,diatoms,Radialiplicata clavigera,,
,,Rhabdonema,,,,spp.,,,,Rhabdonema spp.,diatoms,Rhabdonema spp.,,
,,Raphidodiscus,,,,marylandicus,,,,Raphidodiscus marylandicus,diatoms,Rhaphidodiscus marylandicus,,
,,Rhaphoneis,,,,amphiceros,,,,Rhaphoneis amphiceros,diatoms,Rhaphoneis amphiceros,,
,,Rhaphoneis,,,,elegans,,,,Rhaphoneis elegans,diatoms,Rhaphoneis elegans,,
,,Rhaphoneis,,,,fossile,,,,Rhaphoneis fossile,diatoms,Rhaphoneis fossile,,
,,Rhaphoneis,,,,miocenica,,,,Rhaphoneis miocenica,diatoms,Rhaphoneis miocenica,,
,,Rhaphoneis,,,,spp.,,,,Rhaphoneis spp.,diatoms,Rhaphoneis spp.,,
,,Rhizosolenia,,,,alata,,,,Rhizosolenia alata,diatoms,Rhizosolenia alata,,
,,Rhizosolenia,,,,antarctica,,,,Rhizosolenia antarctica,diatoms,Rhizosolenia antarctica,,
,,Rhizosolenia,,,,antennata,var.,semispina,,Rhizosolenia antennata var. semispina,diatoms,Rhizosolenia antennata var. semispina,,
,,Rhizosolenia,,,,barboi,,,,Rhizosolenia barboi,diatoms,Rhizosolenia barboi,,
,,Rhizosolenia,,,,bergonii,,,,Rhizosolenia bergonii,diatoms,Rhizosolenia bergonii,,
,,Rhizosolenia,,,,costata,,,,Rhizosolenia costata,diatoms,Rhizosolenia costata,,
,,Rhizosolenia,,,,costata,var.,A,,Rhizosolenia costata var. A,diatoms,Rhizosolenia costata var. A,,
,,Rhizosolenia,,,,curvirostris,,,,Rhizosolenia curvirostris,diatoms,Rhizosolenia curvirostris,,
,,Rhizosolenia,,,,fidicularis,,,,Rhizosolenia fidicularis,diatoms,Rhizosolenia fidicularis,,
,,Rhizosolenia,,,,harwoodii,,,,Rhizosolenia harwoodii,diatoms,Rhizosolenia harwoodii,,
,,Rhizosolenia,,,,hebetata,,,,Rhizosolenia hebetata,diatoms,Rhizosolenia hebetata,,
,,Rhizosolenia,,,,hebetata,f.,hebetata,,Rhizosolenia hebetata f. hebetata,diatoms,Rhizosolenia hebetata f. hebetata,,
,,Rhizosolenia,,,,hebetata,f.,hiemalis,,Rhizosolenia hebetata f. hiemalis,diatoms,Rhizosolenia hebetata f. hiemalis,,
,,Rhizosolenia,,,,hebetata,f.,semispina,,Rhizosolenia hebetata f. semispina,diatoms,Rhizosolenia hebetata f. semispina,,
,,Rhizosolenia,,,,hebetata,f.,hiemalis,,Rhizosolenia hebetata f. hiemalis,diatoms,Rhizosolenia hebetata fa. hiemalis,,
,,Rhizosolenia,,,,imbricata,,,,Rhizosolenia imbricata,diatoms,Rhizosolenia imbricata,,
,,Rhizosolenia,,,,matuyamai,,,,Rhizosolenia matuyamai,diatoms,Rhizosolenia matuyamai,,
,,Rhizosolenia,,,,minima,,,,Rhizosolenia minima,diatoms,Rhizosolenia minima,,
,,Rhizosolenia,,,,oligocaenica,,,,Rhizosolenia oligocaenica,diatoms,Rhizosolenia oligocaenica,,
,,Rhizosolenia,,,,praebergonii,,,,Rhizosolenia praebergonii,diatoms,Rhizosolenia praebergonii,,
,,Rhizosolenia,,,,setigera,,,,Rhizosolenia setigera,diatoms,Rhizosolenia setigera,,
,,Rhizosolenia,,,,simplex,,,,Rhizosolenia simplex,diatoms,Rhizosolenia simplex,,
,,Rhizosolenia,,,,sp. B,,,,Rhizosolenia sp. B,diatoms,Rhizosolenia sp. B,,
,,Rhizosolenia,,,,sp. C,,,,Rhizosolenia sp. C,diatoms,Rhizosolenia sp. C,,
,,Rhizosolenia,,,,sp. D,,,,Rhizosolenia sp. D,diatoms,Rhizosolenia sp. D sensu Olney et al 2007,,Rhizosolenia sp. D sensu Olney et al 2007
,,Rhizosolenia,,,,spp.,,,,Rhizosolenia spp.,diatoms,Rhizosolenia spp.,,
,,Rhizosolenia,,,,spp.,,,,Rhizosolenia spp.,diatoms,Rhizosolenia spp. N/A,,Rhizosolenia spp. N/A
,,Rhizosolenia,,,,stilyformis,,,,Rhizosolenia stilyformis,diatoms,Rhizosolenia stilyformis,,
,,Rhizosolenia,,,,stilyformis,,,,Rhizosolenia stilyformis,diatoms,Rhizosolenia styliformis,,
,,Rhopalodia,,,,gibberula,,,,Rhopalodia gibberula,diatoms,Rhopalodia gibberula,,
,,Rocella,,,,gelida,,,,Rocella gelida,diatoms,Rocella gelida,,
,,Rocella,,,,praenitida,,,,Rocella praenitida,diatoms,Rocella praenitida,,
,,Roperia,,,,tesselata,,,,Roperia tesselata,diatoms,Roperia tesselata,,
,,Roperia,,,,tesselata,,,,Roperia tesselata,diatoms,"Roperia tesselata (Roper) Grunow in Van Heurck, 1883",,"Roperia tesselata (Roper) Grunow in Van Heurck, 1883"
,,Roperia,,,,elongata,,,,Roperia elongata,diatoms,Rossiella elongata,,
,,Rossiella,,,,paleaceae,,,,Rossiella paleaceae,diatoms,Rossiella paleacea,,
,,Rossiella,,,,paleaceae,,,,Rossiella paleaceae,diatoms,Rossiella paleaceae,,
,,Rossiella,,,,paleaceae,var.,elongata,,Rossiella paleaceae var. elongata,diatoms,Rossiella paleaceae var. elongata,,
,,Rossiella,,,,praepaleacea,,,,Rossiella praepaleacea,diatoms,Rossiella praepaleacea,,
,,Rossiella,,,,tatsunokuchiensis,,,,Rossiella tatsunokuchiensis,diatoms,Rossiella tatsunokuchiensis,,
,,Rouxia,,,,antarctica,,,,Rouxia antarctica,diatoms,Rouxia antarctica,,
,,Rouxia,,,,californica,,,,Rouxia californica,diatoms,Rouxia californica,,
,,Rouxia,,,,diploneides,,,,Rouxia diploneides,diatoms,Rouxia diploneides,,
,,Rouxia,,,,heteropolara,,,,Rouxia heteropolara,diatoms,Rouxia heteropolara,,
,,Rouxia,,,,heteropolara,var.,A,,Rouxia heteropolara var. A,diatoms,Rouxia heteropolara var. A,,
,,Rouxia,,,,isopolica,,,,Rouxia isopolica,diatoms,Rouxia isopolica,,
,,Rouxia,,,,leventerae,,,,Rouxia leventerae,diatoms,Rouxia leventerae,,
,,Rouxia,,,,naviculoides,,,,Rouxia naviculoides,diatoms,Rouxia naviculoides,,
,,Rouxia,,,,peragalli,,,,Rouxia peragalli,diatoms,Rouxia peragalli,,
,,Rouxia,,,,sp.,,,,Rouxia sp.,diatoms,Rouxia sp. spatulate long heteropolar (MIS),,Rouxia sp. spatulate long heteropolar (MIS)
,,Rouxia,,,,spp.,,,,Rouxia spp.,diatoms,Rouxia spp.,,
,,Sceptroneis,,,,lingulatus,,,,Sceptroneis lingulatus,diatoms,Sceptroneis lingulatus,,
,,Sceptroneis,,,,sp.,,,,Sceptroneis sp.,diatoms,Sceptroneis sp.,,
,,Sceptroneis,,,,sp.,,,,Sceptroneis sp.,diatoms,Sceptroneis sp. (small),,Sceptroneis sp. (small)
,,Sceptroneis,,,,hungarica,,,,Sceptroneis hungarica,diatoms,Screptroneis hungarica,,
,,Shionodiscus,,,,gracilis,var.,expectus,,Shionodiscus gracilis var. expectus,diatoms,Shionodiscus gracilis var. expectus,,
,,Shionodiscus,,,,gracilis,var.,gracilis,,Shionodiscus gracilis var. gracilis,diatoms,Shionodiscus gracilis var. gracilis,,
,,Shionodiscus,,,,oestrupii,,,,Shionodiscus oestrupii,diatoms,Shionodiscus oestrupii,,
,,Shionodiscus,,,,praeoestrupii,,,,Shionodiscus praeoestrupii,diatoms,Shionodiscus praeoestrupii,,
,,Shionodiscus,,,,sp.,,,,Shionodiscus sp.,diatoms,Shionodiscus sp. Exp 318,,Shionodiscus sp. Exp 318
,,Shionodiscus,,,,spp.,,,,Shionodiscus spp.,diatoms,Shionodiscus spp.,,
,,Shionodiscus,,,,tetraoestrupii,,,,Shionodiscus tetraoestrupii,diatoms,Shionodiscus tetraoestrupii,,
,,Shionodiscus,,,,tetraoestrupii,var.,reimeri,,Shionodiscus tetraoestrupii var. reimeri,diatoms,Shionodiscus tetraoestrupii var. reimeri,,
,,Shionodiscus,,,,trifultus,,,,Shionodiscus trifultus,diatoms,Shionodiscus trifultus,,
,,Skeletonemopsis,,,,barbadensis,,,,Skeletonemopsis barbadensis,diatoms,Skeletonemopsis barbabadensis,,
,,Skeletonemopsis,,,,mahoodii,,,,Skeletonemopsis mahoodii,diatoms,Skeletonemopsis mahoodii,,
,,Sphynctolethus,,,,pacificus,,,,Sphynctolethus pacificus,diatoms,Sphynctolethus pacificus,,
,,Stellarima,,,,microtrias,,,,Stellarima microtrias,diatoms,Stellarima microtrias,,
,,Stellarima,,,,stellaris,,,,Stellarima stellaris,diatoms,Stellarima stellaris,,
,,Stephanocha,,Distephanus,,pseudofibula,,,,Stephanocha Distephanus pseudofibula,diatoms,Stephanocha (Distephanus) pseudofibula,,
,,Stephanodiscus,,,,astraea,,,,Stephanodiscus astraea,diatoms,Stephanodiscus astraea,,
,,Stephanonycites,,,,variegatus,,,,Stephanonycites variegatus,diatoms,Stephanonycites variegatus,,
,,Stephanopyxis,,,, dimorpha,,,,Stephanopyxis dimorpha,diatoms,Stephanopyxis dimorpha,,
,,Stephanopyxis,,,,grunowii,,,,Stephanopyxis grunowii,diatoms,Stephanopyxis grunowii,,
,,Stephanopyxis,,,,horridus,,,,Stephanopyxis horridus,diatoms,Stephanopyxis horridus,,
,,Stephanopyxis,,,,palmeriana,,,,Stephanopyxis palmeriana,diatoms,Stephanopyxis palmeriana,,
,,Stephanopyxis,,,,sp.,,,,Stephanopyxis sp.,diatoms,Stephanopyxis sp. C MSSTS,,Stephanopyxis sp. C MSSTS
,,Stephanopyxis,,,,spinossima,,,,Stephanopyxis spinossima,diatoms,Stephanopyxis spinossima,,
,,Stephanopyxis,,,,spp.,,,,Stephanopyxis spp.,diatoms,Stephanopyxis spp.,,
,,Stephanopyxis,,,,turris,,,,Stephanopyxis turris,diatoms,Stephanopyxis turris,,
,,Stictodiscus,,,,hardmanianus,,,,Stictodiscus hardmanianus,diatoms,Stictodiscus hardmanianus,,
,,Surirella,,,,fluminensis,,,,Surirella fluminensis,diatoms,Surirella fluminensis,,
,,Surirella,,,,spp.,,,,Surirella spp.,diatoms,Surirella spp.,,
,,Synedropsis,,,,spp.,,,,Synedropsis spp.,diatoms,Syndedropsis spp.,,
,,Synedra,,,,jouseana,,,,Synedra jouseana,diatoms,Synedra jouseana,,
,,Synedra,,,,miocenica,,,,Synedra miocenica,diatoms,Synedra miocenica,,
,,Synedra,,,,sp.1,,,,Synedra sp.1,diatoms,Synedra sp.1,,Synedra sp.1
,,Synedra,,,,tabulata,var.,rupicola,,Synedra tabulata var. rupicola,diatoms,Synedra tabulata var. rupicola,,
,,Synedra,,,,unla,,,,Synedra unla,diatoms,Synedra ulna,,
,,Synedropsis,,,,cheethamii,,,,Synedropsis cheethamii,diatoms,Synedropsis cheethamii,,
,,Synedropsis,,,,sp.,,,,Synedropsis sp.,diatoms,Synedropsis sp.,,
,,Synedropsis,,,,sp. C,,,,Synedropsis sp. C,diatoms,Synedropsis sp. C,,Synedropsis sp. C
,,Thalassionema,,,,bacillare,,,,Thalassionema bacillare,diatoms,Thalassionema bacillare,,
,,Thalassionema,,,,bacillaris,,,,Thalassionema bacillaris,diatoms,Thalassionema bacillaris,,
,,Thalassionema,,,,frauenfeldii,,,,Thalassionema frauenfeldii,diatoms,Thalassionema frauenfeldii,,
,,Thalassionema,,,,hirosakiensis,,,,Thalassionema hirosakiensis,diatoms,Thalassionema hirosakiensis,,
,,Thalassionema,,,,nitzschioides,,,,Thalassionema nitzschioides,diatoms,Thalassionema nitzschioides,,
,,Thalassionema,,,,nitzschioides,var.,capitulata,,Thalassionema nitzschioides var. capitulata,diatoms,Thalassionema nitzschioides var. capitulata,,
,,Thalassionema,,,,nitzschioides,var.,incurvatum,,Thalassionema nitzschioides var. incurvatum,diatoms,Thalassionema nitzschioides var. incurvatum,,
,,Thalassionema,,,,nitzschioides,var.,inflata,,Thalassionema nitzschioides var. inflata,diatoms,Thalassionema nitzschioides var. inflata,,
,,Thalassionema,,,,nitzschioides,var.,inflatum,,Thalassionema nitzschioides var. inflatum,diatoms,Thalassionema nitzschioides var. inflatum,,
,,Thalassionema,,,,nitzschioides,var.,nitzschioides,,Thalassionema nitzschioides var. nitzschioides,diatoms,Thalassionema nitzschioides var. nitzschioides,,
,,Thalassionema,,,,nitzschioides,var.,parva,,Thalassionema nitzschioides var. parva,diatoms,Thalassionema nitzschioides  var. parva,,
,,Thalassionema,,,,nitzschioides,var.,parva,,Thalassionema nitzschioides var. parva,diatoms,Thalassionema nitzschioides var. parva,,
,,Thalassionema,,,,nitzschioides,var.,parvum,,Thalassionema nitzschioides var. parvum,diatoms,Thalassionema nitzschioides var. parvum,,
,,Thalassionema,,,,nitzschioides,,,,Thalassionema nitzschioides,diatoms,Thalassionema nitzschoides (Grunow),,Thalassionema nitzschoides (Grunow)
,,Thalassionema,,,,robusta,,,,Thalassionema robusta,diatoms,Thalassionema robusta,,
,,Thalassionema,,,,schraderi,,,,Thalassionema schraderi,diatoms,Thalassionema schraderi,,
,,Thalassionema,,,,spp.,,,,Thalassionema spp.,diatoms,Thalassionema spp.,,
,,Thalassiosira,,,,Inura,,,,Thalassiosira Inura,diatoms,Thalassiosira aff. Inura,,Thalassiosira aff. Inura
,,Thalassiosira,,,,eccentrica,,,,Thalassiosira eccentrica,diatoms,Thalassiosira aff. eccentrica,,Thalassiosira aff. eccentrica
,,Thalassiosira,,,,antarctica,,,,Thalassiosira antarctica,diatoms,Thalassiosira antarctica,,
,,Thalassiosira,,,,antiqua,,,,Thalassiosira antiqua,diatoms,Thalassiosira antiqua,,
,,Thalassiosira,,,,bioculata,,,,Thalassiosira bioculata,diatoms,Thalassiosira bioculata,,
,,Thalassiosira,,,,biora,,,,Thalassiosira biora,diatoms,Thalassiosira biora,,
,,Thalassiosira,,,,brunii,,,,Thalassiosira brunii,diatoms,Thalassiosira brunii,,
,,Thalassiosira,,,,burckliana,,,,Thalassiosira burckliana,diatoms,Thalassiosira burckliana,,
,,Thalassiosira,,,,complicata,,,,Thalassiosira complicata,diatoms,Thalassiosira complicata,,
,,Thalassiosira,,,,convexa,,,,Thalassiosira convexa,diatoms,Thalassiosira convexa,,
,,Thalassiosira,,,,convexa,var.,aspinosa,,Thalassiosira convexa var. aspinosa,diatoms,Thalassiosira convexa var. aspinosa,,
,,Thalassiosira,,,,convexa,var.,convexa,,Thalassiosira convexa var. convexa,diatoms,Thalassiosira convexa var. convexa,,
,,Thalassiosira,,,,decipens,,,,Thalassiosira decipens,diatoms,Thalassiosira decipiens,,
,,Thalassiosira,,,,eccentrica,,,,Thalassiosira eccentrica,diatoms,Thalassiosira eccentrica,,
,,Thalassiosira,,,,eccentrica,,,,Thalassiosira eccentrica,diatoms,Thalassiosira eccentrica (Ehrenberg),,Thalassiosira eccentrica (Ehrenberg)
,,Thalassiosira,,,,elliptipora,,,,Thalassiosira elliptipora,diatoms,Thalassiosira elliptipora,,
,,Thalassiosira,,,,fasciculata,,,,Thalassiosira fasciculata,diatoms,Thalassiosira fasciculata,,
,,Thalassiosira,,,,ferelineata,,,,Thalassiosira ferelineata,diatoms,Thalassiosira ferelineata,,
,,Thalassiosira,,,,fraga,,,,Thalassiosira fraga,diatoms,Thalassiosira fraga,,
,,Thalassiosira,,,,frauenfeldii,,,,Thalassiosira frauenfeldii,diatoms,Thalassiosira frauenfeldii,,
,,Thalassiosira,,,,gersondei,,,,Thalassiosira gersondei,diatoms,Thalassiosira gersondei,,
,,Thalassiosira,,,,gracillis,,,,Thalassiosira gracillis,diatoms,Thalassiosira gracilis,,
,,Thalassiosira,,,,gravida,,,,Thalassiosira gravida,diatoms,Thalassiosira gravida,,
,,Thalassiosira,,,,grounowii,,,,Thalassiosira grounowii,diatoms,Thalassiosira grunowii,,
,,Thalassiosira,,,,hyalina,,,,Thalassiosira hyalina,diatoms,Thalassiosira hyalina,,
,,Thalassiosira,,,,insigna,,,,Thalassiosira insigna,diatoms,Thalassiosira insigna,,
,,Thalassiosira,,,,inura,,,,Thalassiosira inura,diatoms,Thalassiosira inura,,
,,Thalassiosira,,,,jacksonii,,,,Thalassiosira jacksonii,diatoms,Thalassiosira jacksonii,,
,,Thalassiosira,,,,jouseae,,,,Thalassiosira jouseae,diatoms,Thalassiosira jouseae,,
,,Thalassiosira,,,,kolbei,,,,Thalassiosira kolbei,diatoms,Thalassiosira kolbei,,
,,Thalassiosira,,,,lentiginosa,,,,Thalassiosira lentiginosa,diatoms,Thalassiosira lentiginosa,,
,,Thalassiosira,,,,lentiginosa,var.,obovatus,,Thalassiosira lentiginosa var. obovatus,diatoms,Thalassiosira lentiginosa var. obovatus,,
,,Thalassiosira,,,,leptopus,,,,Thalassiosira leptopus,diatoms,Thalassiosira leptopus,,
,,Thalassiosira,,,,lineata,,,,Thalassiosira lineata,diatoms,Thalassiosira lineata,,
,,Thalassiosira,,,,mahoodii,,,,Thalassiosira mahoodii,diatoms,Thalassiosira mahoodii,,
,,Thalassiosira,,,,manifesta,,,,Thalassiosira manifesta,diatoms,Thalassiosira manifesta,,
,,Thalassiosira,,,,mediaconvexa,,,,Thalassiosira mediaconvexa,diatoms,Thalassiosira mediaconvexa,,
,,Thalassiosira,,,,minutissima,,,,Thalassiosira minutissima,diatoms,Thalassiosira minutissima,,
,,Thalassiosira,,,,miocenica,,,,Thalassiosira miocenica,diatoms,Thalassiosira miocenica,,
,,Thalassiosira,,,,nansenii,,,,Thalassiosira nansenii,diatoms,Thalassiosira nansenii,,
,,Thalassiosira,,,,nidulus,,,,Thalassiosira nidulus,diatoms,Thalassiosira nidulus,,
,,Thalassiosira,,,,nodulolineata,,,,Thalassiosira nodulolineata,diatoms,Thalassiosira nodulolineata,,
,,Thalassiosira,,,,nordenskioeldii,,,,Thalassiosira nordenskioeldii,diatoms,Thalassiosira nordenskioeldii,,
,,Thalassiosira,,,,oestrupii,var.,oestrupii,,Thalassiosira oestrupii var. oestrupii,diatoms,Thalassiosira oestrupii var. oestrupii,,
,,Thalassiosira,,,,oestrupii,var.,venrickae,,Thalassiosira oestrupii var. venrickae,diatoms,Thalassiosira oestrupii var. venrickae,,
,,Thalassiosira,,,,oliverana,,,,Thalassiosira oliverana,diatoms,Thalassiosira oliverana,,
,,Thalassiosira,,,,oliverana,var.,sparsa,,Thalassiosira oliverana var. sparsa,diatoms,Thalassiosira oliverana var. sparsa,,
,,Thalassiosira,,,,pacifica,,,,Thalassiosira pacifica,diatoms,Thalassiosira pacifica,,
,,Thalassiosira,,,,plicata,,,,Thalassiosira plicata,diatoms,Thalassiosira plicata,,
,,Thalassiosira,,,,poroseriata,,,,Thalassiosira poroseriata,diatoms,Thalassiosira poroseriata,,
,,Thalassiosira,,,,praeconvexa,,,,Thalassiosira praeconvexa,diatoms,Thalassiosira praeconvexa,,
,,Thalassiosira,,,,praefraga,,,,Thalassiosira praefraga,diatoms,Thalassiosira praefraga,,
,,Thalassiosira,,,,ritscherii,,,,Thalassiosira ritscherii,diatoms,Thalassiosira ritscherii,,
,,Thalassiosira,,,,sancettae,,,,Thalassiosira sancettae,diatoms,Thalassiosira sancettae,,
,,Thalassiosira,,,,sp.,,,,Thalassiosira sp.,diatoms,Thalassiosira sp.,,
,,Thalassiosira,,,,sp. 1,,,,Thalassiosira sp. 1,diatoms,Thalassiosira sp. 1,,Thalassiosira sp. 1
,,Thalassiosira,,,,sp. D,,,,Thalassiosira sp. D,diatoms,Thalassiosira sp. D 'paired row central processes',,Thalassiosira sp. D 'paired row central processes'
,,Thalassiosira,,,,sp. E,,,,Thalassiosira sp. E,diatoms,Thalassiosira sp. E 'patches of processes',,Thalassiosira sp. E 'patches of processes'
,,Thalassiosira,,,,sp. F,,,,Thalassiosira sp. F,diatoms,Thalassiosira sp. F 'glass w. bubbles',,Thalassiosira sp. F 'glass w. bubbles'
,,Thalassiosira,,,,sp. 10,,,,Thalassiosira sp. 10,diatoms,Thalassiosira sp.10,,Thalassiosira sp. 10
,,Thalassiosira,,,,sp. 4,,,,Thalassiosira sp. 4,diatoms,Thalassiosira sp.4,,Thalassiosira sp. 4
,,Thalassiosira,,,,sp. 5,,,,Thalassiosira sp. 5,diatoms,Thalassiosira sp.5,,Thalassiosira sp. 5
,,Thalassiosira,,,,sp. 6,,,,Thalassiosira sp. 6,diatoms,Thalassiosira sp.6,,Thalassiosira sp. 6
,,Thalassiosira,,,,sp. 8,,,,Thalassiosira sp. 8,diatoms,Thalassiosira sp.8,,Thalassiosira sp. 8
,,Thalassiosira,,,,sp. 9,,,,Thalassiosira sp. 9,diatoms,Thalassiosira sp.9,,Thalassiosira sp. 9
,,Thalassiosira,,,,spinosa,,,,Thalassiosira spinosa,diatoms,Thalassiosira spinosa,,
,,Thalassiosira,,,,spp.,,,,Thalassiosira spp.,diatoms,Thalassiosira spp.,,
,,Thalassiosira,,,,spumellaroides,,,,Thalassiosira spumellaroides,diatoms,Thalassiosira spumellaroides,,
,,Thalassiosira,,,,striata,,,,Thalassiosira striata,diatoms,Thalassiosira striata,,
,,Thalassiosira,,,,symbolophora,,,,Thalassiosira symbolophora,diatoms,Thalassiosira symbolophora,,
,,Thalassiosira,,,,tappanae,,,,Thalassiosira tappanae,diatoms,Thalassiosira tappanae,,
,,Thalassiosira,,,,temperei,,,,Thalassiosira temperei,diatoms,Thalassiosira temperei,,
,,Thalassiosira,,,,teres,,,,Thalassiosira teres,diatoms,Thalassiosira teres,,
,,Thalassiosira,,,,torokina,,,,Thalassiosira torokina,diatoms,Thalassiosira torokina,,
,,Thalassiosira,,,,trifulta,,,,Thalassiosira trifulta,diatoms,Thalassiosira trifulta,,
,,Thalassiosira,,,,tumida,,,,Thalassiosira tumida,diatoms,Thalassiosira tumida,,
,,Thalassiosira,,,,vulnifica,,,,Thalassiosira vulnifica,diatoms,Thalassiosira vulnifica,,
,,Thalassiosira,,,,webbii,,,,Thalassiosira webbii,diatoms,Thalassiosira webbii,,
,,Thalassiosira,,,,yabei,,,,Thalassiosira yabei,diatoms,Thalassiosira yabei,,
,,Thalassiosira,,,,yabei,var. ,elliptica,,Thalassiosira yabei var. elliptica,diatoms,Thalassiosira yabei var. elliptica,,
,,Thalassiothrix,,,,antarctica,,,,Thalassiothrix antarctica,diatoms,Thalassiothrix antarctica,,
,,Thalassiothrix,,,,flaugenferdii,,,,Thalassiothrix flaugenferdii,diatoms,Thalassiothrix flaugenferdii,,
,,Thalassiothrix,,,,frauenfeldii,,,,Thalassiothrix frauenfeldii,diatoms,Thalassiothrix frauenfeldii,,
,,Thalassiothrix,,,,longissima,,,,Thalassiothrix longissima,diatoms,Thalassiothrix longissima,,
,,Thalassiothrix,,,,miocenica,,,,Thalassiothrix miocenica,diatoms,Thalassiothrix miocenica,,
,,Thalassiothrix,,,,robusta,,,,Thalassiothrix robusta,diatoms,Thalassiothrix robusta,,
,,Thalassiothrix,,,,spp.,,,,Thalassiothrix spp.,diatoms,Thalassiothrix spp.,,
Thalassiosiraceae indet.,,Thalassiothrix,,,,spp.,,,,Thalassiosiraceae indet. Thalassiothrix spp.,diatoms,Thalassiothrix spp. (incl. Lioloma),,Thalassiothrix spp. (incl. Lioloma)
,,Thalassiosira,,,,leptopus,,,,Thalassiosira leptopus,diatoms,Thalssiosira leptopus,,
,,Thalassiosira,,,,nodulolineata,,,,Thalassiosira nodulolineata,diatoms,Thalssiosira nodulolineata,,
,,Trachyneis,,,,aspersa,,,,Trachyneis aspersa,diatoms,Trachyneis aspera,,
,,Triceratium,,,,cinnamomeum,var.,quadrangulata,,Triceratium cinnamomeum var. quadrangulata,diatoms,Triceratium cinamomeum var. quadrangulata,,Triceratium cinnamomeum var. quadrangulata
,,Triceratium,,,,cinnamomeum,,,,Triceratium cinnamomeum,diatoms,Triceratium cinnamomeum,,
,,Triceratium,,,,cinnamomeum,var.,minor,,Triceratium cinnamomeum var. minor,diatoms,Triceratium cinnamomeum var. minor,,
,,Triceratium,,,,cinnamomeum,var.,quadrangulata,,Triceratium cinnamomeum var. quadrangulata,diatoms,Triceratium cinnamomeum var. quadrangulata,,
,,Triceratium,,,,favus,,,,Triceratium favus,diatoms,Triceratium favus,,
,,Triceratium,,,,pileus,,,,Triceratium pileus,diatoms,Triceratium pileus,,
,,Triceratium,,,,spp.,,,,Triceratium spp.,diatoms,Triceratium spp.,,
,,Triceratium,,,,unguiculartum,,,,Triceratium unguiculartum,diatoms,Triceratium unguiculatum,,
,,Trichotoxon,,,,reinboldii,,,,Trichotoxon reinboldii,diatoms,Trichotoxon reinboldii,,
,,Trinacria,,,,excava,,,,Trinacria excava,diatoms,Trinacria excavata,,
,,Trinacria,,,,racovitzae,,,,Trinacria racovitzae,diatoms,Trinacria racovitzae,,
,,Trinacria,,,,spp.,,,,Trinacria spp.,diatoms,Trinacria spp.,,
,,Trochosira,,,,coronata,,,,Trochosira coronata,diatoms,Trochosira coronata,,
,,Trochosira,,,,spp.,,,,Trochosira spp.,diatoms,Trochosira spp.,,
,,Tryblionella,,,,spp.,,,,Tryblionella spp.,diatoms,Tryblionella spp.,,
,,Vallodiscus,,,,lanceolatus,,,,Vallodiscus lanceolatus,diatoms,Vallodiscus lanceolatus,,
,,Vallodiscus,,,,sp.,,,,Vallodiscus sp.,diatoms,Vallodiscus sp.,,
,,Xanthiopyxis,,,,sp.,,,,Xanthiopyxis sp.,diatoms,Xanthiopyxis sp.,,
