Any taxon above genus,genus modifier,genus name,subgenera modifier,subgenera name,species modifier,species name,subspecies modifier,subspecies name,non-taxa descriptor,normalized_name,taxon_group,verbatim_name,initial_comments,comments
"""Unknown taxa""",,,,,,,,,,"""Unknown taxa""",palynology,Unknown taxa,group-unknown,
"""other pollen""",,,,,,,,,,"""other pollen""",palynology,other pollen,"group, not a taxa",
"""Spores""",,,,,,,,,,"""Spores""",palynology,spores,"group, not a taxa",
"""Fungal spores""",,,,,,,,,,"""Fungal spores""",palynology,Fungal spores,not a taxa,
"""Pollen/spores reworked""",,,,,,,,,,"""Pollen/spores reworked""",palynology,Pollen/spores reworked,not a taxa,
"""Other pollen""",,,,,,,,,,"""Other pollen""",palynology,Other pollen,not a taxa,
"""Spores""",,,,,,,,,,"""Spores""",palynology,Spores,not a taxa,
"""Sporomorphs""",,,,,,,,,,"""Sporomorphs""",palynology,Sporomorphs,not a taxa,
"""Amorphous organic matter""",,,,,,,,,,"""Amorphous organic matter""",palynology,Amorphous organic matter,not a taxa name,
"""Black phytoclasts""",,,,,,,,,,"""Black phytoclasts""",palynology,Black phytoclasts,not a taxa name,
"""Black woody phytoclasts""",,,,,,,,,,"""Black woody phytoclasts""",palynology,Black woody phytoclasts,not a taxa name,
"""Brown phytoclasts""",,,,,,,,,,"""Brown phytoclasts""",palynology,Brown phytoclasts,not a taxa name,
"""Brown woody phytoclasts""",,,,,,,,,,"""Brown woody phytoclasts""",palynology,Brown woody phytoclasts,not a taxa name,
"""Saccate pollen""",,,,,,,,,,"""Saccate pollen""",palynology,Saccate pollen,not a taxa,
"""Monolete ornamented""",,,,,,,,,,"""Monolete ornamented""",palynology,Monolete ornamented,,
"""Monolete psilate""",,,,,,sp.,,,,"""Monolete psilate"" sp.",palynology,Monolete psilate,,
"""Trilete ornamented""",,,,,,,,,,"""Trilete ornamented""",palynology,Trilete ornamented,,
"""Trilete psilate""",,,,,,sp.,,,,"""Trilete psilate"" sp.",palynology,Trilete psilate,,
Foraminifera indet.,,,,,,,,,,Foraminifera indet.,palynology,Foraminiferal linings,not a taxa,
Foraminifera indet.,,,,,,,,,,Foraminifera indet.,palynology,Foraminiferal test linings,not a taxa,
Dinoflagellata indet.,,,,,,,,,,Dinoflagellata indet.,palynology,Dinocysts reworked,not a taxa,Dinocysts reworked
,,Typha,,,,sparganium,,,,Typha sparganium,palynology,Typha_Sparganium,multiple taxa,
,,Ulmus,,,,zelkova,,,,Ulmus zelkova,palynology,Ulmus Zelkova,multiple taxa,
Cupressaceae indet.,,,,,,,,,,Cupressaceae indet.,palynology,Taxodiaceae/Cupressaceae,multiple taxa names,
Dinoflagellata indet.,,,,,,,,,,Dinoflagellata indet.,palynology,Dinocysts,group abundance,Dinocysts
"""Fungal spores""",,,,,,,,,,"""Fungal spores""",palynology,fungal spores,"group, not a taxa",
Brassicaceae indet.,,,,,,,,,,Brassicaceae indet.,palynology,Brassicaceae,,
Ranunculaceae indet.,,,,,,,,,,Ranunculaceae indet.,palynology,Ranunculaceae,,
Prasinophyceae indet.,,,,,,,,,,Prasinophyceae indet.,palynology,Prasinophytes,,
Caryophyllaceae indet.,,,,,,,,,,Caryophyllaceae indet.,palynology,Caryophyllaceae,,
Crassulaceae indet.,,,,,,,,,,Crassulaceae indet.,palynology,Crassulaceae,,
Cupressaceae indet.,,,,,,,,,,Cupressaceae indet.,palynology,Cupressaceae,,
Cyperaceae indet.,,,,,,,,,,Cyperaceae indet.,palynology,Cyperaceae,,
Ericaceae indet.,,,,,,,,,,Ericaceae indet.,palynology,Ericaceae,,
Liliaceae indet.,,,,,,,,,,Liliaceae indet.,palynology,Liliaceae,,
Plumbaginaceae indet.,,,,,,,,,,Plumbaginaceae indet.,palynology,Plumbaginaceae,,
Poaceae indet.,,,,,,,,,,Poaceae indet.,palynology,Poaceae,,
Valerianaceae indet.,,,,,,,,,,Valerianaceae indet.,palynology,Valerianaceae,,
,,Achomosphaera,,,,spp.,,,,Achomosphaera spp.,palynology,Achomosphaera spp.,,
,,Alnus,,,,sp.,,,,Alnus sp.,palynology,Alnus,,
,,Anthemis,,,,sp.,,,,Anthemis sp.,palynology,Anthemis type,,Anthemis type
Apiaceae indet.,,,,,,,,,,Apiaceae indet.,palynology,Apiaceae,,
,,Arcticacysta,,,,sp.,,,,Arcticacysta sp.,palynology,Arcticacysta sp.,,
,,Artemisia,,,,sp.,,,,Artemisia sp.,palynology,Artemisia,,
,,Asphodelus,,,,sp.,,,,Asphodelus sp.,palynology,Asphodelus,,
,,Aster,,,,sp.,,,,Aster sp.,palynology,Aster type,,Aster type
,,Batiacasphaera,,,,cooperi,,,,Batiacasphaera cooperi,palynology,Batiacasphaera cooperi,,
,,Batiacasphaera,,,,minuta,,,,Batiacasphaera minuta,palynology,Batiacasphaera minuta,,
,,Batiacasphaera,,,,sp.,,,,Batiacasphaera sp.,palynology,Batiacasphaera sp.,,
,,Batiacasphaera,,,,sphaerica,,,,Batiacasphaera sphaerica,palynology,Batiacasphaera sphaerica,,
,,Betula,,,,sp.,,,,Betula sp.,palynology,Betula,,
,,Botrychium,,,,sp.,,,,Botrychium sp.,palynology,Botrychium type,,Botrychium type
,,Brigantedinium,,,,pyinei,,,,Brigantedinium pyinei,palynology,Brigantedinium pyinei,,
,,Brigantedinium,,,,spp.,,,,Brigantedinium spp.,palynology,Brigantedinium spp.,,
,,Calluna,,,,sp.,,,,Calluna sp.,palynology,Calluna,,
,,Carpinus,,,,sp.,,,,Carpinus sp.,palynology,Carpinus,,
,,Cedrus,,,,sp.,,,,Cedrus sp.,palynology,Cedrus,,
,,Centaurea,,,,nigra,,,,Centaurea nigra,palynology,Centaurea nigra type,,Centaurea nigra type
Chenopodiaceae indet.,,,,,,,,,,Chenopodiaceae indet.,palynology,Chenopodiaceae,,
,,Cistus,,,,sp.,,,,Cistus sp.,palynology,Cistus,,
,,Corylus,,,,sp.,,,,Corylus sp.,palynology,Corylus,,
,,Cymatiosphaera,,,,sp. 3,,,,Cymatiosphaera sp. 3,palynology,Cymatiosphaera brown sp. 3,,Cymatiosphaera brown sp. 3
,,Cymatiosphaera,,,,sp. 4,,,,Cymatiosphaera sp. 4,palynology,Cymatiosphaera brown sp. 4,,Cymatiosphaera brown sp. 4
,,Cymatiosphaera,,,,sp.,,,,Cymatiosphaera sp.,palynology,Cymatiosphaera sp.,,
,,Cymatiosphaera,,,,sp. 1,,,,Cymatiosphaera sp. 1,palynology,Cymatiosphaera transparent sp. 1,,Cymatiosphaera transparent sp. 1
,,Daphne,,,,sp.,,,,Daphne sp.,palynology,Daphne,,
,,Deflandrea,,,,phosphoriitica,,,,Deflandrea phosphoriitica,palynology,Deflandrea phosphoritica,,
,,Distatodinium,,,,sp.,,,,Distatodinium sp.,palynology,Distatodinium sp.,,
,,Engelhardia,,,,sp.,,,,Engelhardia sp.,palynology,Engelhardia,,
,,Enneadocysta,,,,sp.,,,,Enneadocysta sp.,palynology,Enneadocysta,,
,,Ephedra,,,,distachya,,,,Ephedra distachya,palynology,Ephedra distachya type,,Ephedra distachya type
,,Ephedra,,,,fragilis,,,,Ephedra fragilis,palynology,Ephedra fragilis type,,Ephedra fragilis type
,,Euphorbia,,,,sp.,,,,Euphorbia sp.,palynology,Euphorbia,,
,,Filipendula,,,,sp.,,,,Filipendula sp.,palynology,Filipendula,,
,,Fraxinus,,,,excelsior,,,,Fraxinus excelsior,palynology,Fraxinus excelsior type,,Fraxinus excelsior type
,,Galium,,,,sp.,,,,Galium sp.,palynology,Galium type,,Galium type
,,Hedera,,,,helix,,,,Hedera helix,palynology,Hedera helix,,
,,Helianthemum,,,,sp.,,,,Helianthemum sp.,palynology,Helianthemum,,
,,Impagidinium,,,,pallidum,,,,Impagidinium pallidum,palynology,Impagidinium pallidum,,
,,Impagidinium,,,,patulum,,,,Impagidinium patulum,palynology,Impagidinium patulum,,
,,Isoetes,,,,sp.,,,,Isoetes sp.,palynology,Isoetes,,
,,Leiosphaeridia,,,,sp.,,,,Leiosphaeridia sp.,palynology,Leiosphaeridia sp.,,
,,Lejeunecysta,,,,acuminata,,,,Lejeunecysta acuminata,palynology,Lejeunecysta acuminata,,
,,Lejeunecysta,,,,cowiei,,,,Lejeunecysta cowiei,palynology,Lejeunecysta cowiei,,
,,Lejeunecysta,,,,fallax,,,,Lejeunecysta fallax,palynology,Lejeunecysta fallax,,
,,Lejeunecysta,,,,rotunda,,,,Lejeunecysta rotunda,palynology,Lejeunecysta rotunda,,
,,Lejeunecysta,,,,sp.,,,,Lejeunecysta sp.,palynology,Lejeunecysta sp.,,
,,Lygeum,,,,spartum,,,,Lygeum spartum,palynology,Lygeum spartum,,
,,Nematosphaeropsis,,,,labyrinthea,,,,Nematosphaeropsis labyrinthea,palynology,Nematosphaeropsis labyrinthea,,
,,Nothofagus,,,,sp.,,,,Nothofagus sp.,palynology,Nothofagus pollen,,Nothofagus pollen
,,Olea,,,,sp.,,,,Olea sp.,palynology,Olea,,
,,Operculodinium,,,,janduchenei,,,,Operculodinium janduchenei,palynology,Operculodinium janduchenei,,
,,Operculodinium,,,,sp.,,,,Operculodinium sp.,palynology,Operculodinium sp.,,
,?,Operculodinium,,,,eirikianum,,,,? Operculodinium eirikianum,palynology,Operculodinium? eirikianum,,
,,Ostrya,,,,sp.,,,,Ostrya sp.,palynology,Ostrya,,
,,Palaeocystodinium,,,,sp.,,,,Palaeocystodinium sp.,palynology,Palaeocystodinium sp.,,
,,Phelodinium,,,,sp.,,,,Phelodinium sp.,palynology,Phelodinium sp.,,
,,Phillyrea,,,,sp.,,,,Phillyrea sp.,palynology,Phillyrea,,
,,Picea,,,,sp.,,,,Picea sp.,palynology,Picea,,
,,Pinus,,,,sp.,,,,Pinus sp.,palynology,Pinus,,
,,Pistacia,,,,sp.,,,,Pistacia sp.,palynology,Pistacia,,
,,Plantago,,,,sp.,,,,Plantago sp.,palynology,Plantago,,
,,Polypodium,,,,vulgare,,,,Polypodium vulgare,palynology,Polypodium vulgare type,,Polypodium vulgare type
,,Protoperidinium,,,,sp. 2,,,,Protoperidinium sp. 2,palynology,Protoperidinium sp. 2,,
,,Protoperidinium,,,,sp. 3,,,,Protoperidinium sp. 3,palynology,Protoperidinium sp. 3,,
,,Protoperidinium,,,,sp. 1,,,,Protoperidinium sp. 1,palynology,Protoperidinium sp.1,,
,,Pyxidinopsis,,,,sp.,,,,Pyxidinopsis sp.,palynology,Pyxidinopsis sp.,,
,,Quercus,,,,deciduous,,,,Quercus deciduous,palynology,Quercus deciduous type,,Quercus deciduous type
,,Quercus,,,,evergreen,,,,Quercus evergreen,palynology,Quercus evergreen type,,Quercus evergreen type
,,Quercus,,,,suber,,,,Quercus suber,palynology,Quercus suber type,,Quercus suber type
Rosaceae indet.,,,,,,,,,,Rosaceae indet.,palynology,Rosaceae,,
,,Rumex,,,,sp.,,,,Rumex sp.,palynology,Rumex,,
,,Salix,,,,sp.,,,,Salix sp.,palynology,Salix,,
,,Sanguisorba,,,,minor,,,,Sanguisorba minor,palynology,Sanguisorba minor,,
,,Selenopemphix,,,,antarctica,,,,Selenopemphix antarctica,palynology,Selenopemphix antarctica,,
,,Selenopemphix,,,,brinkhuisii,,,,Selenopemphix brinkhuisii,palynology,Selenopemphix brinkhuisii,,
,,Selenopemphix,,,,dionaecysta,,,,Selenopemphix dionaecysta,palynology,Selenopemphix dionaeacysta,,
,,Selenopemphix,,,,kepion,,,,Selenopemphix kepion,palynology,Selenopemphix kepion,,
,,Selenopemphix,,,,nephroides,,,,Selenopemphix nephroides,palynology,Selenopemphix nephroides,,
,,Selenopemphix,,,,sp. 1,,,,Selenopemphix sp. 1,palynology,Selenopemphix sp. 1,,
,,Sphagnum,,,,sp.,,,,Sphagnum sp.,palynology,Sphagnum,,
,,Spiniferites,,,,elongatus,,,,Spiniferites elongatus,palynology,Spiniferites elongatus,,
,,Spiniferites,,,,mirabilis,,,,Spiniferites mirabilis,palynology,Spiniferites mirabilis,,
,,Spiniferites,,,,ramosus,,,,Spiniferites ramosus,palynology,Spiniferites ramosus,,
,,Tamarix,,,,sp.,,,,Tamarix sp.,palynology,Tamarix,,
,,Taraxacum,,,,sp.,,,,Taraxacum sp.,palynology,Taraxacum,,
,,Taxus,,,,sp.,,,,Taxus sp.,palynology,Taxus,this is a homonym of a mammal already in the PBDB,
,,Ulmus,,,,sp.,,,,Ulmus sp.,palynology,Ulmus,,
