taxon_group,verbatim_name,genus name,species name,subspecies name,species modifier,non-taxa descriptor,subspecies modifier,genus modifier
benthic_forams,Agglutinated Foram. gen. et sp. indet.,Agglutinated,Foram.,gen.,,,,
benthic_forams,Agglutinated indet.,Agglutinated,indet.,,,,,
benthic_forams,Alabaminella weddelensis,Alabaminella,weddelensis,,,,,
benthic_forams,Alabammina sp.,Alabammina,sp.,,,,,
benthic_forams,Alabamminella weddelensis,Alabamminella,weddelensis,,,,,
benthic_forams,Ammodiscus latus,Ammodiscus,latus,,,,,
benthic_forams,Ammonia parkinsoniana f. aoteana,Ammonia,parkinsoniana,aoteana,,,f.,
benthic_forams,Amphicoryna,Amphicoryna,,,,,,
benthic_forams,Anomalina spherica,Anomalina,spherica,,,,,
benthic_forams,Anomalinoides cf. globulosus,Anomalinoides,globulosus,,cf.,,,
benthic_forams,Anomalinoides parvumbilia,Anomalinoides,parvumbilia,,,,,
benthic_forams,Anomalinoides parvumbilianus,Anomalinoides,parvumbilianus,,,,,
benthic_forams,Anomalinoides parvumbilius,Anomalinoides,parvumbilius,,,,,
benthic_forams,Anomalinoides sp. A,Anomalinoides,sp.,A,,,,
benthic_forams,Anomalinoides sp. B,Anomalinoides,sp.,B,,,,
benthic_forams,Anomalinoides sp. indet.,Anomalinoides,sp.,indet.,,,,
benthic_forams,Anomalinoides sp.A,Anomalinoides,sp.A,,,,,
benthic_forams,Anomalinoides sphericus,Anomalinoides,sphericus,,,,,
benthic_forams,Anomalinoides subnonionoides,Anomalinoides,subnonionoides,,,,,
benthic_forams,Anomalinoides? sp.,Anomalinoides?,sp.,,,,,
benthic_forams,Astorononion spp.,Astorononion,spp.,,,,,
benthic_forams,Astrononion kickinskii,Astrononion,kickinskii,,,,,
benthic_forams,Astrononion sp. indet.,Astrononion,sp.,indet.,,,,
benthic_forams,Astrorhiza sp.?,Astrorhiza,sp.?,,,,,
benthic_forams,Awhea tosta,Awhea,tosta,,,,,
benthic_forams,Bathymetry,Bathymetry,,,,,,
benthic_forams,Bolivina,Bolivina,,,,,,
benthic_forams,Bolivina affiliata,Bolivina,affiliata,,,,,
benthic_forams,Bolivina sp. 1,Bolivina,sp.,1,,,,
benthic_forams,Bolivina sp. A,Bolivina,sp.,A,,,,
benthic_forams,Bolivinita cf. pliozea,Bolivinita,pliozea,,cf.,,,
benthic_forams,Bolivinita pohana (cf.),Bolivinita,pohana,,,(cf.),,
benthic_forams,Botellina labyrinthica,Botellina,labyrinthica,,,,,
benthic_forams,Brizalina cf. spathula,Brizalina,spathula,,cf.,,,
benthic_forams,Brizalina pussilla,Brizalina,pussilla,,,,,
benthic_forams,Brizalina pygmaea,Brizalina,pygmaea,,,,,
benthic_forams,Bulimina,Bulimina,,,,,,
benthic_forams,Bulimina aculeata (cf. smooth),Bulimina,aculeata,,,(cf. smooth),,
benthic_forams,Bulimina aff. exilis,Bulimina,exilis,,aff.,,,
benthic_forams,Bulimina aff. mexicana,Bulimina,mexicana,,aff.,,,
benthic_forams,Bulimina aff. striata,Bulimina,striata,,aff.,,,
benthic_forams,Bulimina pyrula spinescens,Bulimina,pyrula,spinescens,,,,
benthic_forams,Bulimina sp.  A,Bulimina,sp.,,,,,
benthic_forams,Bulimina sp. B,Bulimina,sp.,B,,,,
benthic_forams,Bulimina sp. C,Bulimina,sp.,C,,,,
benthic_forams,Bulimina sp. indet.,Bulimina,sp.,indet.,,,,
benthic_forams,Bulimina striata (cf.),Bulimina,striata,,,(cf.),,
benthic_forams,Calc. Hyaline Foram. gen. et sp. indet.,Calc.,Hyaline,Foram.,,,,
benthic_forams,Cancris cf. phillipinensis,Cancris,phillipinensis,,cf.,,,
benthic_forams,Cassidulina,Cassidulina,,,,,,
benthic_forams,Cassidulina laevigata var. carinata,Cassidulina,laevigata,carinata,,,var.,
benthic_forams,Cassidulina neocarinata,Cassidulina,neocarinata,,,,,
benthic_forams,Cassidulina sp. A,Cassidulina,sp.,A,,,,
benthic_forams,Cassidulina sp. indet.,Cassidulina,sp.,indet.,,,,
benthic_forams,Cassidulina? sp.,Cassidulina?,sp.,,,,,
benthic_forams,Caudamina sp.,Caudamina,sp.,,,,,
benthic_forams,Chrysalogonium sp. indet.,Chrysalogonium,sp.,indet.,,,,
benthic_forams,Cibicides,Cibicides,,,,,,
benthic_forams,Cibicides deliquatus,Cibicides,deliquatus,,,,,
benthic_forams,Cibicidoides cf. perforatus,Cibicidoides,perforatus,,cf.,,,
benthic_forams,Cibicidoides cf. subhaidingerii,Cibicidoides,subhaidingerii,,cf.,,,
benthic_forams,Cibicidoides eocanus,Cibicidoides,eocanus,,,,,
benthic_forams,Cibicidoides grimusdalei,Cibicidoides,grimusdalei,,,,,
benthic_forams,Cibicidoides havannsis,Cibicidoides,havannsis,,,,,
benthic_forams,Cibicidoides neoperforatus,Cibicidoides,neoperforatus,,,,,
benthic_forams,Cibicidoides perforatus,Cibicidoides,perforatus,,,,,
benthic_forams,Cibicidoides premundulus,Cibicidoides,premundulus,,,,,
benthic_forams,Cibicidoides sp. A,Cibicidoides,sp.,A,,,,
benthic_forams,Cibicidoides sp. B,Cibicidoides,sp.,B,,,,
benthic_forams,Cibicidoides sp. C,Cibicidoides,sp.,C,,,,
benthic_forams,Cibicidoides sp. indet.,Cibicidoides,sp.,indet.,,,,
benthic_forams,Cornuspira,Cornuspira,,,,,,
benthic_forams,Cyclammina,Cyclammina,,,,,,
benthic_forams,Discorbinella,Discorbinella,,,,,,
benthic_forams,Dorothia pseudofiliformis,Dorothia,pseudofiliformis,,,,,
benthic_forams,Dyocibicides primitiva,Dyocibicides,primitiva,,,,,
benthic_forams,Eggerella sp. A,Eggerella,sp.,A,,,,
benthic_forams,Eherenbergina mestateri,Eherenbergina,mestateri,,,,,
benthic_forams,Ehrenbergina,Ehrenbergina,,,,,,
benthic_forams,Elphidium,Elphidium,,,,,,
benthic_forams,Elphidium advenum (f.limbatum),Elphidium,advenum,,,(f.limbatum),,
benthic_forams,Elphidium advenum f. limbatum,Elphidium,advenum,limbatum,,,f.,
benthic_forams,Elphidium cf. batialis,Elphidium,batialis,,cf.,,,
benthic_forams,Elphidium charlottense,Elphidium,charlottense,,,,,
benthic_forams,Elphidium excavatum f.clavatum,Elphidium,excavatum,f.clavatum,,,,
benthic_forams,Epistominella sp. A,Epistominella,sp.,A,,,,
benthic_forams,Euuvigerina,Euuvigerina,,,,,,
benthic_forams,Euuvigerina miozea (cf.),Euuvigerina,miozea,,,(cf.),,
benthic_forams,Euuvigerina peregrina,Euuvigerina,peregrina,,,,,
benthic_forams,Euuvigerina peregrina (cf.),Euuvigerina,peregrina,,,(cf.),,
benthic_forams,Euuvigerina rodleyi (cf.),Euuvigerina,rodleyi,,,(cf.),,
benthic_forams,Evolvecassidulina cf. howei,Evolvecassidulina,howei,,cf.,,,
benthic_forams,Evolvocassidulina orientalis,Evolvocassidulina,orientalis,,,,,
benthic_forams,Fissurina,Fissurina,,,,,,
benthic_forams,Fissurina sp,Fissurina,sp,,,,,
benthic_forams,Fistulose? sp.,Fistulose?,sp.,,,,,
benthic_forams,Fursenkoina,Fursenkoina,,,,,,
benthic_forams,Gaudryina sp. indet,Gaudryina,sp.,indet,,,,
benthic_forams,Gavelinopsis,Gavelinopsis,,,,,,
benthic_forams,Gavelinopsis hamatus,Gavelinopsis,hamatus,,,,,
benthic_forams,Gavelinopsis spp.,Gavelinopsis,spp.,,,,,
benthic_forams,Globocassidulina canalisutulata,Globocassidulina,canalisutulata,,,,,
benthic_forams,Globocassidulina cuneata,Globocassidulina,cuneata,,,,,
benthic_forams,Globocassidulina sp. A,Globocassidulina,sp.,A,,,,
benthic_forams,Globocassidulina sp. B,Globocassidulina,sp.,B,,,,
benthic_forams,Glomospira challoides,Glomospira,challoides,,,,,
benthic_forams,Glomospira goldialis,Glomospira,goldialis,,,,,
benthic_forams,Gyroidina,Gyroidina,,,,,,
benthic_forams,Gyroidina danvillensis,Gyroidina,danvillensis,,,,,
benthic_forams,Gyroidinoides sp. A,Gyroidinoides,sp.,A,,,,
benthic_forams,Gyroidinoides sp. B,Gyroidinoides,sp.,B,,,,
benthic_forams,Gyroidinoides sp. C,Gyroidinoides,sp.,C,,,,
benthic_forams,Gyroidinoides sp. D,Gyroidinoides,sp.,D,,,,
benthic_forams,Gyroidinoides sp. indet.,Gyroidinoides,sp.,indet.,,,,
benthic_forams,Haeuslella finlayi,Haeuslella,finlayi,,,,,
benthic_forams,Haeuslerella,Haeuslerella,,,,,,
benthic_forams,Haeuslerella morgani,Haeuslerella,morgani,,,,,
benthic_forams,Haeuslerella parri,Haeuslerella,parri,,,,,
benthic_forams,Haeuslerella pliocenica,Haeuslerella,pliocenica,,,,,
benthic_forams,Haeuslerella pukekiensis,Haeuslerella,pukekiensis,,,,,
benthic_forams,Haeuslerlella parri,Haeuslerlella,parri,,,,,
benthic_forams,Haplophragmoides sp. indet.,Haplophragmoides,sp.,indet.,,,,
benthic_forams,Haynesina depressa,Haynesina,depressa,,,,,
benthic_forams,Hormosinella guttifera,Hormosinella,guttifera,,,,,
benthic_forams,Islandiella islandica,Islandiella,islandica,,,,,
benthic_forams,Laevigata sp.,Laevigata,sp.,,,,,
benthic_forams,Lagena,Lagena,,,,,,
benthic_forams,Lagena striata?,Lagena,striata?,,,,,
benthic_forams,Laticarinina altocamerata,Laticarinina,altocamerata,,,,,
benthic_forams,Loxostmum karrerianum,Loxostmum,karrerianum,,,,,
benthic_forams,Loxostmum truncatum,Loxostmum,truncatum,,,,,
benthic_forams,Marginulina,Marginulina,,,,,,
benthic_forams,Marginulinopsis,Marginulinopsis,,,,,,
benthic_forams,Martinottiella,Martinottiella,,,,,,
benthic_forams,Mattinotiella cummunis,Mattinotiella,cummunis,,,,,
benthic_forams,Melonis baeleanuum,Melonis,baeleanuum,,,,,
benthic_forams,Melonis barleanum,Melonis,barleanum,,,,,
benthic_forams,Melonis dorreeni,Melonis,dorreeni,,,,,
benthic_forams,Melonis pomplioides,Melonis,pomplioides,,,,,
benthic_forams,Myllostonella spp.,Myllostonella,spp.,,,,,
benthic_forams,Neugeborina ovicula,Neugeborina,ovicula,,,,,
benthic_forams,Nodosalia spp.,Nodosalia,spp.,,,,,
benthic_forams,Nodosaria acuminata,Nodosaria,acuminata,,,,,
benthic_forams,Nodosaria advena,Nodosaria,advena,,,,,
benthic_forams,Nodosaria aff. pyrula,Nodosaria,pyrula,,aff.,,,
benthic_forams,Nonion affine,Nonion,affine,,,,,
benthic_forams,Nothia robusta,Nothia,robusta,,,,,
benthic_forams,Notorotalia,Notorotalia,,,,,,
benthic_forams,Notorotalia aucklandica,Notorotalia,aucklandica,,,,,
benthic_forams,Notorotalia clathrata (hornibrooki),Notorotalia,clathrata,,,(hornibrooki),,
benthic_forams,Notorotalia depressa,Notorotalia,depressa,,,,,
benthic_forams,Notorotalia finlayi (cf.),Notorotalia,finlayi,,,(cf.),,
benthic_forams,Notorotalia hurupiensis,Notorotalia,hurupiensis,,,,,
benthic_forams,Notorotalia inornata,Notorotalia,inornata,,,,,
benthic_forams,Notorotalia pliozea,Notorotalia,pliozea,,,,,
benthic_forams,Notorotalia profunda,Notorotalia,profunda,,,,,
benthic_forams,Notorotalia sp. A (large plano-convex),Notorotalia,sp.,A,,(large plano-convex),,
benthic_forams,Notorotalia taranakia,Notorotalia,taranakia,,,,,
benthic_forams,Notorotalia wilsoni,Notorotalia,wilsoni,,,,,
benthic_forams,Notorotalia zealandica,Notorotalia,zealandica,,,,,
benthic_forams,Oolina globosa?,Oolina,globosa?,,,,,
benthic_forams,Pandaglandulina,Pandaglandulina,,,,,,
benthic_forams,Paracassidulina neocarinata,Paracassidulina,neocarinata,,,,,
benthic_forams,Paracassidulina sp.,Paracassidulina,sp.,,,,,
benthic_forams,Paratrochammina bipolaris,Paratrochammina,bipolaris,,,,,
benthic_forams,Paratrochammina challengeri,Paratrochammina,challengeri,,,,,
benthic_forams,Paratrochamminoides spp.,Paratrochamminoides,spp.,,,,,
benthic_forams,Patellinella inconspicua,Patellinella,inconspicua,,,,,
benthic_forams,Pileolina,Pileolina,,,,,,
benthic_forams,Planulina ariminensus,Planulina,ariminensus,,,,,
benthic_forams,Planulina costata,Planulina,costata,,,,,
benthic_forams,Planulina wuellerstorfi (cf.),Planulina,wuellerstorfi,,,(cf.),,
benthic_forams,Planulina? sp.,Planulina?,sp.,,,,,
benthic_forams,Plectofrondicularia pohana,Plectofrondicularia,pohana,,,,,
benthic_forams,Procerolagena cf. gracillima,Procerolagena,gracillima,,cf.,,,
benthic_forams,Proxifrons advena,Proxifrons,advena,,,,,
benthic_forams,Pseudonodosaria,Pseudonodosaria,,,,,,
benthic_forams,Pseudonodosaria symmetrica,Pseudonodosaria,symmetrica,,,,,
benthic_forams,Pseudoparrella spp.,Pseudoparrella,spp.,,,,,
benthic_forams,Pseudopleurostomella spp.,Pseudopleurostomella,spp.,,,,,
benthic_forams,Pullenia,Pullenia,,,,,,
benthic_forams,Pullenia eocenica,Pullenia,eocenica,,,,,
benthic_forams,Pullenia sp. 1,Pullenia,sp.,1,,,,
benthic_forams,Pullenia sp. A,Pullenia,sp.,A,,,,
benthic_forams,Pullenia sp. B,Pullenia,sp.,B,,,,
benthic_forams,Pullenia sp. indet.,Pullenia,sp.,indet.,,,,
benthic_forams,Pygmaeseistron aff. hispida,Pygmaeseistron,hispida,,aff.,,,
benthic_forams,Pygmaeseistron cf. hispida,Pygmaeseistron,hispida,,cf.,,,
benthic_forams,Pyrgo,Pyrgo,,,,,,
benthic_forams,Pyrgo anomala,Pyrgo,anomala,,,,,
benthic_forams,Pyrgo guerreri,Pyrgo,guerreri,,,,,
benthic_forams,Pyrgo sp. B,Pyrgo,sp.,B,,,,
benthic_forams,Quadrimorphina? sp.,Quadrimorphina?,sp.,,,,,
benthic_forams,Quinqueloculina,Quinqueloculina,,,,,,
benthic_forams,Quinqueloculina incisa,Quinqueloculina,incisa,,,,,
benthic_forams,Rectobolivina parvula,Rectobolivina,parvula,,,,,
benthic_forams,Rectouvigerina senni,Rectouvigerina,senni,,,,,
benthic_forams,Rectuvigerina pohana,Rectuvigerina,pohana,,,,,
benthic_forams,Reophax dentaliniformis,Reophax,dentaliniformis,,,,,
benthic_forams,Reticulophragmium amplectens,Reticulophragmium,amplectens,,,,,
benthic_forams,Saracenaria italica,Saracenaria,italica,,,,,
benthic_forams,Sigmoilopsis,Sigmoilopsis,,,,,,
benthic_forams,Sigmoilopsis aff. compressa,Sigmoilopsis,compressa,,aff.,,,
benthic_forams,Sigmoilopsis aff.wanganuiensis,Sigmoilopsis,aff.wanganuiensis,,,,,
benthic_forams,Siphonaperta,Siphonaperta,,,,,,
benthic_forams,Siphonaperta macbeathi,Siphonaperta,macbeathi,,,,,
benthic_forams,Siphonodosaria antillea,Siphonodosaria,antillea,,,,,
benthic_forams,Siphonodosaria sp. indet.,Siphonodosaria,sp.,indet.,,,,
benthic_forams,Siphonodosaria spinata,Siphonodosaria,spinata,,,,,
benthic_forams,Siphotextularia,Siphotextularia,,,,,,
benthic_forams,Siphotextularia subcylindrica,Siphotextularia,subcylindrica,,,,,
benthic_forams,Siphotexturalia wairoana,Siphotexturalia,wairoana,,,,,
benthic_forams,Siphouvigerina,Siphouvigerina,,,,,,
benthic_forams,Siphouvigerina canariensis,Siphouvigerina,canariensis,,,,,
benthic_forams,Spheroidina bulloides,Spheroidina,bulloides,,,,,
benthic_forams,Spheroidina bulloids,Spheroidina,bulloids,,,,,
benthic_forams,Spiroloculina,Spiroloculina,,,,,,
benthic_forams,Spiroplectammina sp. A,Spiroplectammina,sp.,A,,,,
benthic_forams,Spiroplectammina spectablis,Spiroplectammina,spectablis,,,,,
benthic_forams,Spirosigmoillina compressa,Spirosigmoillina,compressa,,,,,
benthic_forams,Spirosigmoilopsis tenuis,Spirosigmoilopsis,tenuis,,,,,
benthic_forams,Stainforthia aff. fusiformis,Stainforthia,fusiformis,,aff.,,,
benthic_forams,Stilostomella,Stilostomella,,,,,,
benthic_forams,Subreophax aduncus,Subreophax,aduncus,,,,,
benthic_forams,Takayanagia delicata,Takayanagia,delicata,,,,,
benthic_forams,Textularia,Textularia,,,,,,
benthic_forams,Textularia miozea,Textularia,miozea,,,,,
benthic_forams,Texturalia spp.,Texturalia,spp.,,,,,
benthic_forams,Trifarina,Trifarina,,,,,,
benthic_forams,Trifarina anglosa,Trifarina,anglosa,,,,,
benthic_forams,Triloculina,Triloculina,,,,,,
benthic_forams,Triloculina cf. trihedra,Triloculina,trihedra,,cf.,,,
benthic_forams,Trochamminas? sp.,Trochamminas?,sp.,,,,,
benthic_forams,Trochamminoides? sp.,Trochamminoides?,sp.,,,,,
benthic_forams,Tube-shaped agglutinated form.,Tube-shaped,agglutinated,form.,,,,
benthic_forams,Turrilina sp. indet.,Turrilina,sp.,indet.,,,,
benthic_forams,Undifferentiated agglutinate,Undifferentiated,agglutinate,,,,,
benthic_forams,Uvigerina cf. peregrina,Uvigerina,peregrina,,cf.,,,
benthic_forams,Uvigerina peregrina pradyiana,Uvigerina,peregrina,pradyiana,,,,
benthic_forams,Uvigerina pliozea,Uvigerina,pliozea,,,,,
benthic_forams,Uvigerina rodleyi,Uvigerina,rodleyi,,,,,
benthic_forams,Vaginulina,Vaginulina,,,,,,
benthic_forams,Vaginulinopsis,Vaginulinopsis,,,,,,
benthic_forams,Valvalammina sp.,Valvalammina,sp.,,,,,
benthic_forams,Valvulina spinosa,Valvulina,spinosa,,,,,
benthic_forams,Velereninoides jeffreysii,Velereninoides,jeffreysii,,,,,
benthic_forams,Veleronoides sp.,Veleronoides,sp.,,,,,
benthic_forams,Virgulopsis,Virgulopsis,,,,,,
benthic_forams,Virgulopsis petiae,Virgulopsis,petiae,,,,,
benthic_forams,Virgulopsis turris,Virgulopsis,turris,,,,,
benthic_forams,Vulvulina cf. granulosa,Vulvulina,granulosa,,cf.,,,
diatoms,Achnanthes lanceolatum,Achnanthes,lanceolatum,,,,,
diatoms,Actinocyclus sp. 1,Actinocyclus,sp.,1,,,,
diatoms,Actinocyclus sp. 2,Actinocyclus,sp.,2,,,,
diatoms,Actinocyclus sp.1,Actinocyclus,sp.1,,,,,
diatoms,Actinocycluscurvatulus,Actinocycluscurvatulus,,,,,,
diatoms,Actinocylus actinochilus,Actinocylus,actinochilus,,,,,
diatoms,Actinocylus karstenii,Actinocylus,karstenii,,,,,
diatoms,Actinoptycus senarius,Actinoptycus,senarius,,,,,
diatoms,Amphora spp.,Amphora,spp.,,,,,
diatoms,Asteromphalus darwinii in Koizumi 1968,Asteromphalus,darwinii,in,,,,
diatoms,Astromphalus brookei,Astromphalus,brookei,,,,,
diatoms,Azpeitia cf. tabularis,Azpeitia,tabularis,,cf.,,,
diatoms,Chaetoceros furcellatum spores,Chaetoceros,furcellatum,spores,,,,
diatoms,Chaetoceros resting spore,Chaetoceros,resting,spore,,,,
diatoms,Chaetoceros resting spores,Chaetoceros,resting,spores,,,,
diatoms,Chaetoceros spores,Chaetoceros,spores,,,,,
diatoms,Chaetoceros spp. Spores,Chaetoceros,spp.,Spores,,,,
diatoms,Chaetoceros spp. resting spore,Chaetoceros,spp.,resting,,,,
diatoms,Chaetoceros spp. spores,Chaetoceros,spp.,spores,,,,
diatoms,Chaetoceros spp. vegetative spore,Chaetoceros,spp.,vegetative,,,,
diatoms,Chaetoceros vegetative spore,Chaetoceros,vegetative,spore,,,,
diatoms,Cocconeis californica cf. kerguelensis,Cocconeis,californica,kerguelensis,,,cf.,
diatoms,Cocconeis californica cf. kerguerensis,Cocconeis,californica,kerguerensis,,,cf.,
diatoms,Cocconeis fasciolata,Cocconeis,fasciolata,,,,,
diatoms,Cocconeis pribilofensis,Cocconeis,pribilofensis,,,,,
diatoms,Cocconeis sp. 1,Cocconeis,sp.,1,,,,
diatoms,Cocconeis vitrea?,Cocconeis,vitrea?,,,,,
diatoms,Coscinodiscus oc-iridis,Coscinodiscus,oc-iridis,,,,,
diatoms,Coscinodiscus oculus iridis,Coscinodiscus,oculus,iridis,,,,
diatoms,Coscinodiscus sp. 1,Coscinodiscus,sp.,1,,,,
diatoms,Delphineis cf. angustata,Delphineis,angustata,,cf.,,,
diatoms,Delpineis cf. angustata,Delpineis,angustata,,cf.,,,
diatoms,Diatom Zone (NPD) in Yanagisawa and Akiba (1998),Diatom,Zone,,,(NPD) in Yanagisawa and Akiba (1998),,
diatoms,"Diatom Zone (Yanagisawa and Akiba, 1998)",Diatom,Zone,,,"(Yanagisawa and Akiba, 1998)",,
diatoms,Diploneis angustata,Diploneis,angustata,,,,,
diatoms,Diploneis splendida,Diploneis,splendida,,,,,
diatoms,Encyonema lacustre,Encyonema,lacustre,,,,,
diatoms,Encyonema spp.,Encyonema,spp.,,,,,
diatoms,Encyonema ventricosa,Encyonema,ventricosa,,,,,
diatoms,Eunotia triodon,Eunotia,triodon,,,,,
diatoms,Fragilaria cylindrus,Fragilaria,cylindrus,,,,,
diatoms,Fragilaria oceanica,Fragilaria,oceanica,,,,,
diatoms,Fragilaria spp.,Fragilaria,spp.,,,,,
diatoms,Fragilariopsis cylindrica,Fragilariopsis,cylindrica,,,,,
diatoms,Fragilariopsis oceanica,Fragilariopsis,oceanica,,,,,
diatoms,Fraglariopsis spp.,Fraglariopsis,spp.,,,,,
diatoms,Frgilariopsis cylindrus,Frgilariopsis,cylindrus,,,,,
diatoms,Frgilariopsis oceanica,Frgilariopsis,oceanica,,,,,
diatoms,Gen. et sp. indet,Gen.,et,sp.,,,,
diatoms,Gomphonema spp.,Gomphonema,spp.,,,,,
diatoms,Gonphonema spp.,Gonphonema,spp.,,,,,
diatoms,Grammatophora angulata,Grammatophora,angulata,,,,,
diatoms,Grammatophora arcunata,Grammatophora,arcunata,,,,,
diatoms,Hemidiscus sp. 1 of Zielinski & Gersonde (2002),Hemidiscus,sp.,1,,(2002),,
diatoms,Hyalochaete,Hyalochaete,,,,,,
diatoms,Kisseleviella calina,Kisseleviella,calina,,,,,
diatoms,Marine,Marine,,,,,,
diatoms,Mediarina splendida,Mediarina,splendida,,,,,
diatoms,Melosira spp.,Melosira,spp.,,,,,
diatoms,Meridion spp.,Meridion,spp.,,,,,
diatoms,Navicula distans,Navicula,distans,,,,,
diatoms,Neodenticula sp. A,Neodenticula,sp.,A,,,,
diatoms,Nitzschia peragalli,Nitzschia,peragalli,,,,,
diatoms,Nitzschia? sp. 1,Nitzschia?,sp.,1,,,,
diatoms,Opephora marina,Opephora,marina,,,,,
diatoms,Palaria sol,Palaria,sol,,,,,
diatoms,Palaria sulcata,Palaria,sulcata,,,,,
diatoms,Parali sol,Parali,sol,,,,,
diatoms,Paralia sol,Paralia,sol,,,,,
diatoms,Pinnularia gibba linearis,Pinnularia,gibba,linearis,,,,
diatoms,Pinularia sp.,Pinularia,sp.,,,,,
diatoms,Porosira glacilis,Porosira,glacilis,,,,,
diatoms,Proboscia alata,Proboscia,alata,,,,,
diatoms,Proboscia cf. subarctica,Proboscia,subarctica,,cf.,,,
diatoms,Psuedopodsira elegans,Psuedopodsira,elegans,,,,,
diatoms,Pysidicula turris,Pysidicula,turris,,,,,
diatoms,Pyxidicula horridus,Pyxidicula,horridus,,,,,
diatoms,Pyxidicula pustulatus,Pyxidicula,pustulatus,,,,,
diatoms,Pyxidicula sp. 1,Pyxidicula,sp.,1,,,,
diatoms,Pyxidicula sp. 2,Pyxidicula,sp.,2,,,,
diatoms,Pyxidicula sp. 3,Pyxidicula,sp.,3,,,,
diatoms,Pyxidicula sp. 6,Pyxidicula,sp.,6,,,,
diatoms,Pyxidicula spp.,Pyxidicula,spp.,,,,,
diatoms,Pyxidicula turris,Pyxidicula,turris,,,,,
diatoms,Pyxidicula zabelinae,Pyxidicula,zabelinae,,,,,
diatoms,Pyxidiculla turris,Pyxidiculla,turris,,,,,
diatoms,Pyxilla americana,Pyxilla,americana,,,,,
diatoms,Raphoneis amphiceros,Raphoneis,amphiceros,,,,,
diatoms,Resting spores of Chaetoceros,Resting,spores,of,,,,
diatoms,Rhabdonema sp.,Rhabdonema,sp.,,,,,
diatoms,Rhizosolenia borealis,Rhizosolenia,borealis,,,,,
diatoms,Rhizosolenia hebetata f. heimalis,Rhizosolenia,hebetata,heimalis,,,f.,
diatoms,Rhizosolenia sp,Rhizosolenia,sp,,,,,
diatoms,Rhizosolenia sp 1,Rhizosolenia,sp,1,,,,
diatoms,Rhopalodia spp.,Rhopalodia,spp.,,,,,
diatoms,Stauroneis spp.,Stauroneis,spp.,,,,,
diatoms,Synedra spp.,Synedra,spp.,,,,,
diatoms,Tetracyclus spp.,Tetracyclus,spp.,,,,,
diatoms,Thalassionema nitzschoides,Thalassionema,nitzschoides,,,,,
diatoms,Thalassiosira anguste-lineata,Thalassiosira,anguste-lineata,,,,,
diatoms,Thalassiosira antarctica Spore,Thalassiosira,antarctica,Spore,,,,
diatoms,Thalassiosira antarctica Spores,Thalassiosira,antarctica,Spores,,,,
diatoms,Thalassiosira antarctica spore,Thalassiosira,antarctica,spore,,,,
diatoms,Thalassiosira antarctica spores,Thalassiosira,antarctica,spores,,,,
diatoms,Thalassiosira antrct-spore,Thalassiosira,antrct-spore,,,,,
diatoms,Thalassiosira cf. jacksonii,Thalassiosira,jacksonii,,cf.,,,
diatoms,Thalassiosira cf. leptopus,Thalassiosira,leptopus,,cf.,,,
diatoms,Thalassiosira cf. usatschevii,Thalassiosira,usatschevii,,cf.,,,
diatoms,Thalassiosira latimarginata,Thalassiosira,latimarginata,,,,,
diatoms,Thalassiosira latimarginata s.l.,Thalassiosira,latimarginata,,,,s.l.,
diatoms,Thalassiosira latimarginata sl.,Thalassiosira,latimarginata,sl.,,,,
diatoms,Thalassiosira spp,Thalassiosira,spp,,,,,
diatoms,Thlalassiosira lucustris,Thlalassiosira,lucustris,,,,,
diatoms,tabellaria spp.,tabellaria,spp.,,,,,
dinoflagellates,Brigantedinium cariacoense,Brigantedinium,cariacoense,,,,,
dinoflagellates,Dinoflagellate cysts,Dinoflagellate,cysts,,,,,
dinoflagellates,Dubridinium spp.,Dubridinium,spp.,,,,,
dinoflagellates,Echinidinium aculeatum,Echinidinium,aculeatum,,,,,
dinoflagellates,Gymnodinium catenatum,Gymnodinium,catenatum,,,,,
dinoflagellates,I.mpagidinium pallidum,I.mpagidinium,pallidum,,,,,
dinoflagellates,I.mpagidinium patulum,I.mpagidinium,patulum,,,,,
dinoflagellates,Islandinium Morphtype Cesare,Islandinium,Morphtype,Cesare,,,,
dinoflagellates,Islandinium imnutum,Islandinium,imnutum,,,,,
dinoflagellates,Islandinium ium cf. brevispinosum,Islandinium,ium,brevispinosum,,,cf.,
dinoflagellates,Islandinium minutum,Islandinium,minutum,,,,,
dinoflagellates,Lejeunecysta falax,Lejeunecysta,falax,,,,,
dinoflagellates,Nematosphaeropsis lemniscata,Nematosphaeropsis,lemniscata,,,,,
dinoflagellates,O. centrocarpum var. Arctic,O.,centrocarpum,Arctic,,,var.,
dinoflagellates,O. centrocarpum var. short processes,O.,centrocarpum,short,,,var.,
dinoflagellates,O. centrocarpum-Arctic morphotype,O.,centrocarpum-Arctic,morphotype,,,,
dinoflagellates,Org .linnings of foraminifers,Org,.linnings,of,,,,
dinoflagellates,Organic lining of foraminifers,Organic,lining,of,,,,
dinoflagellates,Organic lining of forams,Organic,lining,of,,,,
dinoflagellates,Pentapharsodinium dalei,Pentapharsodinium,dalei,,,,,
dinoflagellates,Polykrikos - Arctic morphotype,Polykrikos,-,Arctic,,,,
dinoflagellates,Polykrikos schwartzii,Polykrikos,schwartzii,,,,,
dinoflagellates,Protoperidinium americanum,Protoperidinium,americanum,,,,,
dinoflagellates,Pyxidiniopsis reticulata,Pyxidiniopsis,reticulata,,,,,
dinoflagellates,Quinquecuspis concreta,Quinquecuspis,concreta,,,,,
dinoflagellates,Selenopemphix quanta,Selenopemphix,quanta,,,,,
dinoflagellates,Spiniferites belerius,Spiniferites,belerius,,,,,
dinoflagellates,Spiniferites spp.,Spiniferites,spp.,,,,,
dinoflagellates,Trinovantedinium variabile,Trinovantedinium,variabile,,,,,
dinoflagellates,Votadinium spinosum,Votadinium,spinosum,,,,,
dinoflagellates,cf. Hytrichosphaeropsis obscura,Hytrichosphaeropsis,obscura,,,,,cf.
dinoflagellates,impagidinium japonicum,impagidinium,japonicum,,,,,
ebridians,Ebriopsis antiqua antiqua (Ebridian),Ebriopsis,antiqua,antiqua,,(Ebridian),,
nannofossils,Bicolumnus ovatus,Bicolumnus,ovatus,,,,,
nannofossils,Blackites sp.,Blackites,sp.,,,,,
nannofossils,Braarudosphaera bigelowi,Braarudosphaera,bigelowi,,,,,
nannofossils,Braarudosphaera bigelowiI,Braarudosphaera,bigelowiI,,,,,
nannofossils,C. abisectus,C.,abisectus,,,,,
nannofossils,C. braarudii,C.,braarudii,,,,,
nannofossils,C. floridanus,C.,floridanus,,,,,
nannofossils,C. leptoporus,C.,leptoporus,,,,,
nannofossils,C. leptoporus (small),C.,leptoporus,,,(small),,
nannofossils,C. pelagicus,C.,pelagicus,,,,,
nannofossils,C.nitescens,C.nitescens,,,,,,
nannofossils,Calcidiscus leptoporus (10-11 µm),Calcidiscus,leptoporus,,,(10-11 µm),,
nannofossils,Calcidiscus leptoporus (>10 μm),Calcidiscus,leptoporus,,,(>10 μm),,
nannofossils,Calcidiscus macintyrei (>11 μm),Calcidiscus,macintyrei,,,(>11 μm),,
nannofossils,Calcidiscus pataceus,Calcidiscus,pataceus,,,,,
nannofossils,Calcidiscus tropicus (>10 µm),Calcidiscus,tropicus,,,(>10 µm),,
nannofossils,Ch. altus,Ch.,altus,,,,,
nannofossils,Ch. oamaruensis,Ch.,oamaruensis,,,,,
nannofossils,Clausicoccus obrutus,Clausicoccus,obrutus,,,,,
nannofossils,Coccolithus pelagicus f. braarudii,Coccolithus,pelagicus,braarudii,,,f.,
nannofossils,Coccolithus streckerii,Coccolithus,streckerii,,,,,
nannofossils,Coronocyclus nitescens (ellipical),Coronocyclus,nitescens,,,(ellipical),,
nannofossils,Coronocyclus nitescens elliptical,Coronocyclus,nitescens,elliptical,,,,
nannofossils,Cryptococcolithus cf. mediaperforatus,Cryptococcolithus,mediaperforatus,,cf.,,,
nannofossils,Cyclicargolithus abisectus (10-11 μm),Cyclicargolithus,abisectus,,,(10-11 μm),,
nannofossils,Cyclicargolithus abisectus (>11 μm),Cyclicargolithus,abisectus,,,(>11 μm),,
nannofossils,Cyclicargolithus abisectus 10-11 μm,Cyclicargolithus,abisectus,10-11,,,,
nannofossils,D.deflandrei,D.deflandrei,,,,,,
nannofossils,Dictyococcites (<3 µm),Dictyococcites,,,,(<3 µm),,
nannofossils,Dictyococcites <3 µm,Dictyococcites,<3,µm,,,,
nannofossils,Dictyococcites productellus (3-5 μm),Dictyococcites,productellus,,,(3-5 μm),,
nannofossils,"Dictyococcites productellus (3-5 μm, circular)",Dictyococcites,productellus,,,"(3-5 μm, circular)",,
nannofossils,Dictyococcites productellus (<3 μm),Dictyococcites,productellus,,,(<3 μm),,
nannofossils,Dictyococcites scripsae,Dictyococcites,scripsae,,,,,
nannofossils,Dictyococcites stavensis (10-14 μm),Dictyococcites,stavensis,,,(10-14 μm),,
nannofossils,Dictyococcites stavensis (>10 μm),Dictyococcites,stavensis,,,(>10 μm),,
nannofossils,Dictyococcites stavensis (>14 μm),Dictyococcites,stavensis,,,(>14 μm),,
nannofossils,"Discoaster loeblichii
Discoaster prepentaradiatus",Discoaster,"loeblichii
Discoaster",prepentaradiatus,,,,
nannofossils,Discoaster tani nodifer,Discoaster,tani,nodifer,,,,
nannofossils,E. huxleyi,E.,huxleyi,,,,,
nannofossils,Emiliania pujosae,Emiliania,pujosae,,,,,
nannofossils,Gephryocapsa ericsonii,Gephryocapsa,ericsonii,,,,,
nannofossils,Gephyrocapsa (large),Gephyrocapsa,,,,(large),,
nannofossils,Gephyrocapsa (medium),Gephyrocapsa,,,,(medium),,
nannofossils,Gephyrocapsa (small),Gephyrocapsa,,,,(small),,
nannofossils,Gephyrocapsa caribbeania (3-4 μm),Gephyrocapsa,caribbeania,,,(3-4 μm),,
nannofossils,Gephyrocapsa caribbeanica (3-4 μm),Gephyrocapsa,caribbeanica,,,(3-4 μm),,
nannofossils,Gephyrocapsa caribbeanica (4-5.5 μm),Gephyrocapsa,caribbeanica,,,(4-5.5 μm),,
nannofossils,Gephyrocapsa caribbeanica (5.5-6.5 μm),Gephyrocapsa,caribbeanica,,,(5.5-6.5 μm),,
nannofossils,Gephyrocapsa caribbeanica (>6.5 μm),Gephyrocapsa,caribbeanica,,,(>6.5 μm),,
nannofossils,Gephyrocapsa crassipons,Gephyrocapsa,crassipons,,,,,
nannofossils,Gephyrocapsa oceanica (3-4 μm),Gephyrocapsa,oceanica,,,(3-4 μm),,
nannofossils,Gephyrocapsa oceanica (4-5.5 μm),Gephyrocapsa,oceanica,,,(4-5.5 μm),,
nannofossils,Gephyrocapsa oceanica (5.5--6.5 μm),Gephyrocapsa,oceanica,,,(5.5--6.5 μm),,
nannofossils,Gephyrocapsa oceanica (5.5-6.5 μm),Gephyrocapsa,oceanica,,,(5.5-6.5 μm),,
nannofossils,Gephyrocapsa spp. (large >5.5 µm),Gephyrocapsa,spp.,,,(large >5.5 µm),,
nannofossils,Gephyrocapsa spp. (medium 4-5.5 µm),Gephyrocapsa,spp.,,,(medium 4-5.5 µm),,
nannofossils,Gephyrocapsa spp. (small <3.5 µm),Gephyrocapsa,spp.,,,(small <3.5 µm),,
nannofossils,Helicosphaera cf. euphratis,Helicosphaera,euphratis,,cf.,,,
nannofossils,Helicosphaera cf. intermedia,Helicosphaera,intermedia,,cf.,,,
nannofossils,Helicosphaera cf. sellii,Helicosphaera,sellii,,cf.,,,
nannofossils,Helicosphaera elongata,Helicosphaera,elongata,,,,,
nannofossils,Helicosphaera omanica,Helicosphaera,omanica,,,,,
nannofossils,I. recurvus,I.,recurvus,,,,,
nannofossils,Martini (1971) Zone,Martini,(1971),Zone,,,,
nannofossils,Minyalitha convalis,Minyalitha,convalis,,,,,
nannofossils,Minylitha convalis,Minylitha,convalis,,,,,
nannofossils,Neococcolithus sp.,Neococcolithus,sp.,,,,,
nannofossils,Orthorhabdus spp.,Orthorhabdus,spp.,,,,,
nannofossils,P. lacunosa,P.,lacunosa,,,,,
nannofossils,Pontosphaera japonIca,Pontosphaera,japonIca,,,,,
nannofossils,Pseudoemiliania pacifica,Pseudoemiliania,pacifica,,,,,
nannofossils,Pseudoemiliania sp.,Pseudoemiliania,sp.,,,,,
nannofossils,Pyrociclus orangensis,Pyrociclus,orangensis,,,,,
nannofossils,Pyrociclus sp.,Pyrociclus,sp.,,,,,
nannofossils,R. bisecta,R.,bisecta,,,,,
nannofossils,R. minuta,R.,minuta,,,,,
nannofossils,R. minuta + R.minutula gr.,R.,minuta,+,,,,
nannofossils,R. minuta/D.productus,R.,minuta/D.productus,,,,,
nannofossils,R. minutula,R.,minutula,,,,,
nannofossils,R. minutula/D.antarcticus,R.,minutula/D.antarcticus,,,,,
nannofossils,R. oamaruensis,R.,oamaruensis,,,,,
nannofossils,R. pseudoumbilicus gr.,R.,pseudoumbilicus,gr.,,,,
nannofossils,R. pseudoumbilicus/R.gelida,R.,pseudoumbilicus/R.gelida,,,,,
nannofossils,R. pseudoumblicus/R.gelida,R.,pseudoumblicus/R.gelida,,,,,
nannofossils,R. umbilicus,R.,umbilicus,,,,,
nannofossils,Reticulofenestra ampla,Reticulofenestra,ampla,,,,,
nannofossils,Reticulofenestra amplus,Reticulofenestra,amplus,,,,,
nannofossils,Reticulofenestra asanoi (<6 um),Reticulofenestra,asanoi,,,(<6 um),,
nannofossils,Reticulofenestra asanoi (>6 um),Reticulofenestra,asanoi,,,(>6 um),,
nannofossils,Reticulofenestra filewiczii,Reticulofenestra,filewiczii,,,,,
nannofossils,Reticulofenestra gelida (8-10 µm),Reticulofenestra,gelida,,,(8-10 µm),,
nannofossils,Reticulofenestra gelida (>10 μm),Reticulofenestra,gelida,,,(>10 μm),,
nannofossils,Reticulofenestra haqii (3-5 μm),Reticulofenestra,haqii,,,(3-5 μm),,
nannofossils,"Reticulofenestra haqii (3-5 μm, circular)",Reticulofenestra,haqii,,,"(3-5 μm, circular)",,
nannofossils,Reticulofenestra haqii (<3 μm),Reticulofenestra,haqii,,,(<3 μm),,
nannofossils,Reticulofenestra minuta (<3 μm),Reticulofenestra,minuta,,,(<3 μm),,
nannofossils,Reticulofenestra minutula (circular),Reticulofenestra,minutula,,,(circular),,
nannofossils,Reticulofenestra pseudoumbilicus (8-10 μm),Reticulofenestra,pseudoumbilicus,,,(8-10 μm),,
nannofossils,Reticulofenestra pseudoumbilicus (>10 μm),Reticulofenestra,pseudoumbilicus,,,(>10 μm),,
nannofossils,Reticulofenestra pseudoumbilicus (>7 µm),Reticulofenestra,pseudoumbilicus,,,(>7 µm),,
nannofossils,Reticulofenestra rotaria (elliptical),Reticulofenestra,rotaria,,,(elliptical),,
nannofossils,Reticulofenestra umbilicus (10-14 µm),Reticulofenestra,umbilicus,,,(10-14 µm),,
nannofossils,Reticulofenestra umbilicus (>14 µm),Reticulofenestra,umbilicus,,,(>14 µm),,
nannofossils,Reticulofenestra wadeae,Reticulofenestra,wadeae,,,,,
nannofossils,Schyphosphaera sp. 1,Schyphosphaera,sp.,1,,,,
nannofossils,Scyphosphaera apsteinii.,Scyphosphaera,apsteinii.,,,,,
nannofossils,Scyphosphaera cf. pacifica,Scyphosphaera,pacifica,,cf.,,,
nannofossils,Scyphosphaera cf. queenslandensis,Scyphosphaera,queenslandensis,,cf.,,,
nannofossils,Scyposphaera graphica,Scyposphaera,graphica,,,,,
nannofossils,Scyposphaera queenslandensis,Scyposphaera,queenslandensis,,,,,
nannofossils,Sphenolithus aubryae,Sphenolithus,aubryae,,,,,
nannofossils,Sphenolithus cf. abies,Sphenolithus,abies,,cf.,,,
nannofossils,Sphenolithus cf. belemnos,Sphenolithus,belemnos,,cf.,,,
nannofossils,Sphenolithus cf. delphix,Sphenolithus,delphix,,cf.,,,
nannofossils,Sphenolithus cf. neoabies,Sphenolithus,neoabies,,cf.,,,
nannofossils,Sphenolithus compactus,Sphenolithus,compactus,,,,,
nannofossils,Sphenolithus hetermorphus,Sphenolithus,hetermorphus,,,,,
nannofossils,Transversipontis pulcheroides,Transversipontis,pulcheroides,,,,,
nannofossils,Umbilicosphaera cf. rotula,Umbilicosphaera,rotula,,cf.,,,
nannofossils,Umbilicosphaera jafarii,Umbilicosphaera,jafarii,,,,,
nannofossils,small reticlofenestrids,small,reticlofenestrids,,,,,
ostracods,Pseudocythere caudata,Pseudocythere,caudata,,,,,
ostracods,ostracod,ostracod,,,,,,
other,Bryozoan fragments,Bryozoan,fragments,,,,,
other,Echinoid fragments indet.,Echinoid,fragments,indet.,,,,
other,Echinoid plate fragments,Echinoid,plate,fragments,,,,
other,Echinoid spines,Echinoid,spines,,,,,
other,Fish scales,Fish,scales,,,,,
other,Fish teeth,Fish,teeth,,,,,
other,Holothurian spicules,Holothurian,spicules,,,,,
other,Microbivalves,Microbivalves,,,,,,
other,Microgastropods,Microgastropods,,,,,,
other,Ostracods,Ostracods,,,,,,
other,Otoliths,Otoliths,,,,,,
other,Radiolarians,Radiolarians,,,,,,
other,Shell (bivalve) fragments,Shell,(bivalve),fragments,,,,
other,Shell (gastropod) fragments,Shell,(gastropod),fragments,,,,
other,Shell (scaphopod) fragments,Shell,(scaphopod),fragments,,,,
palynology,Botryococcus + Pediastrum,Botryococcus,+,Pediastrum,,,,
palynology,Hallodinium,Hallodinium,,,,,,
palynology,Herbs,Herbs,,,,,,
palynology,Pediastrum + Botryococcus,Pediastrum,+,Botryococcus,,,,
palynology,Pollen,Pollen,,,,,,
palynology,Pollen (herbs),Pollen,,,,(herbs),,
palynology,Pollen (shrubs),Pollen,,,,(shrubs),,
palynology,Pollen (trees),Pollen,,,,(trees),,
palynology,Reworked palynomorphs,Reworked,palynomorphs,,,,,
palynology,Shrubs,Shrubs,,,,,,
palynology,Spores (moss&fern),Spores,,,,(moss&fern),,
palynology,Spores of Pteridophytes,Spores,of,Pteridophytes,,,,
palynology,Spores of Sphagnum,Spores,of,Sphagnum,,,,
palynology,Spores of pteridophytes,Spores,of,pteridophytes,,,,
palynology,Tintinids,Tintinids,,,,,,
palynology,Trees,Trees,,,,,,
planktic_forams,Acarinina cf. medizzi,Acarinina,medizzi,,cf.,,,
planktic_forams,Beella spp.,Beella,spp.,,,,,
planktic_forams,Bolboforma metzmacheri s.s.,Bolboforma,metzmacheri,,,,s.s.,
planktic_forams,Bolboforma reticulata,Bolboforma,reticulata,,,,,
planktic_forams,Bolboforma robusta,Bolboforma,robusta,,,,,
planktic_forams,Bolboforma sp.,Bolboforma,sp.,,,,,
planktic_forams,Bryozoa fragments,Bryozoa,fragments,,,,,
planktic_forams,Catapsydrax spp.,Catapsydrax,spp.,,,,,
planktic_forams,Chiloguembelina otara,Chiloguembelina,otara,,,,,
planktic_forams,Clavatorella sturanii?,Clavatorella,sturanii?,,,,,
planktic_forams,Clavigerinella eocenica,Clavigerinella,eocenica,,,,,
planktic_forams,Clavigerinella spp. (fragments),Clavigerinella,spp.,,,(fragments),,
planktic_forams,Dentoglobigerina subdehiscens,Dentoglobigerina,subdehiscens,,,,,
planktic_forams,Dentoglobigerina tripartita s.s.,Dentoglobigerina,tripartita,,,,s.s.,
planktic_forams,Echinoid plate fragments,Echinoid,plate,fragments,,,,
planktic_forams,Echinoid spines,Echinoid,spines,,,,,
planktic_forams,Fish teeth,Fish,teeth,,,,,
planktic_forams,Globigerina brazeri,Globigerina,brazeri,,,,,
planktic_forams,Globigerina officianilis,Globigerina,officianilis,,,,,
planktic_forams,Globigerina spp.,Globigerina,spp.,,,,,
planktic_forams,Globigerinella sp.,Globigerinella,sp.,,,,,
planktic_forams,Globigerinoides spp.,Globigerinoides,spp.,,,,,
planktic_forams,Globigerinoides triloba,Globigerinoides,triloba,,,,,
planktic_forams,Globoconella cf. puncticuloides,Globoconella,puncticuloides,,cf.,,,
planktic_forams,Globoconella conica,Globoconella,conica,,,,,
planktic_forams,Globoconella incognita,Globoconella,incognita,,,,,
planktic_forams,Globoconella inflata triangula,Globoconella,inflata,triangula,,,,
planktic_forams,Globoconella puncticuloides,Globoconella,puncticuloides,,,,,
planktic_forams,Globoconella sp.,Globoconella,sp.,,,,,
planktic_forams,Globoconella subconomiozea,Globoconella,subconomiozea,,,,,
planktic_forams,Globoconella triangula (cf.),Globoconella,triangula,,,(cf.),,
planktic_forams,Globoquadrina euapertura,Globoquadrina,euapertura,,,,,
planktic_forams,Globoquadrina spp.,Globoquadrina,spp.,,,,,
planktic_forams,Globoquardina rohri,Globoquardina,rohri,,,,,
planktic_forams,"Globorotalia (Fohsella) ""praefohsi""",Globorotalia,(Fohsella),"""praefohsi""",,,,
planktic_forams,Globorotalia (Fohsella) fohsi fohsi,Globorotalia,(Fohsella),fohsi,,,,
planktic_forams,Globorotalia (Fohsella) fohsi lobata,Globorotalia,(Fohsella),fohsi,,,,
planktic_forams,Globorotalia (Fohsella) “praefohsi”,Globorotalia,(Fohsella),“praefohsi”,,,,
planktic_forams,Globorotalia (Globoconella) panda,Globorotalia,(Globoconella),panda,,,,
planktic_forams,Globorotalia (Globoconella) praesctula,Globorotalia,(Globoconella),praesctula,,,,
planktic_forams,Globorotalia (Men ardella) menardii,Globorotalia,(Men,ardella),,,,
planktic_forams,Globorotalia (Menardella) archaeomenardii,Globorotalia,(Menardella),archaeomenardii,,,,
planktic_forams,Globorotalia (Menardella) exilis-pertenuis,Globorotalia,(Menardella),exilis-pertenuis,,,,
planktic_forams,Globorotalia (Menardella) spp.,Globorotalia,(Menardella),spp.,,,,
planktic_forams,Globoturborotalita anguliofficinalis,Globoturborotalita,anguliofficinalis,,,,,
planktic_forams,Globoturborotalita brazeri,Globoturborotalita,brazeri,,,,,
planktic_forams,Globoturborotalita ouachitaensis,Globoturborotalita,ouachitaensis,,,,,
planktic_forams,Hirsutella hirsuta (D),Hirsutella,hirsuta,,,(D),,
planktic_forams,Hirsutella sp.,Hirsutella,sp.,,,,,
planktic_forams,Hirsutella theyeri,Hirsutella,theyeri,,,,,
planktic_forams,Micro mollusks,Micro,mollusks,,,,,
planktic_forams,Micro-mollusks,Micro-mollusks,,,,,,
planktic_forams,Neogloboquadrina deutertrei,Neogloboquadrina,deutertrei,,,,,
planktic_forams,Neogloboquadrina dutertrei (D),Neogloboquadrina,dutertrei,,,(D),,
planktic_forams,Neogloboquadrina dutertrei (S),Neogloboquadrina,dutertrei,,,(S),,
planktic_forams,Ostracods,Ostracods,,,,,,
planktic_forams,Otoliths,Otoliths,,,,,,
planktic_forams,Paragloborotalia mayeri s.l.,Paragloborotalia,mayeri,,,,s.l.,
planktic_forams,Paragloborotalia opima-nana transition,Paragloborotalia,opima-nana,transition,,,,
planktic_forams,Paragloborotalia pseudocontuosa,Paragloborotalia,pseudocontuosa,,,,,
planktic_forams,Paragloborotalia siakensis/mayeri,Paragloborotalia,siakensis/mayeri,,,,,
planktic_forams,Paragloborotalia spp.,Paragloborotalia,spp.,,,,,
planktic_forams,"Parasubbotina varianta
Paragloborotalia spp.",Parasubbotina,"varianta
Paragloborotalia",spp.,,,,
planktic_forams,Planktic foraminiferal %,Planktic,foraminiferal,%,,,,
planktic_forams,Planktic foraminiferal (%),Planktic,foraminiferal,,,(%),,
planktic_forams,Praeorbulina spp. fragments,Praeorbulina,spp.,fragments,,,,
planktic_forams,Pulleniatina spp.,Pulleniatina,spp.,,,,,
planktic_forams,Radiolarians,Radiolarians,,,,,,
planktic_forams,Shell fragments,Shell,fragments,,,,,
planktic_forams,Spharoidinellopsis disjuncta,Spharoidinellopsis,disjuncta,,,,,
planktic_forams,Sponge spicules,Sponge,spicules,,,,,
planktic_forams,Subbotina eoceana,Subbotina,eoceana,,,,,
planktic_forams,Subbotina spp.,Subbotina,spp.,,,,,
planktic_forams,Tenuitellinata angustiumbilicata,Tenuitellinata,angustiumbilicata,,,,,
planktic_forams,Tenuitutella spp.,Tenuitutella,spp.,,,,,
planktic_forams,Truncorotalia crassacarina,Truncorotalia,crassacarina,,,,,
planktic_forams,Truncorotalia crassacarina (D),Truncorotalia,crassacarina,,,(D),,
planktic_forams,Truncorotalia crassacarina (S),Truncorotalia,crassacarina,,,(S),,
planktic_forams,Truncorotalia crassaformis (D),Truncorotalia,crassaformis,,,(D),,
planktic_forams,Truncorotalia crassaformis (S),Truncorotalia,crassaformis,,,(S),,
planktic_forams,Truncorotalia crassula (D),Truncorotalia,crassula,,,(D),,
planktic_forams,Truncorotalia crassula (S),Truncorotalia,crassula,,,(S),,
planktic_forams,Truncorotalia truncatulinoides (D),Truncorotalia,truncatulinoides,,,(D),,
planktic_forams,Truncorotalia truncatulinoides (S),Truncorotalia,truncatulinoides,,,(S),,
planktic_forams,Truncorotalia viola (D),Truncorotalia,viola,,,(D),,
planktic_forams,Truncorotalia viola (S),Truncorotalia,viola,,,(S),,
planktic_forams,Turborotalia increbescans,Turborotalia,increbescans,,,,,
planktic_forams,Turborotalia spp.,Turborotalia,spp.,,,,,
planktic_forams,Turborotalita ciperoensis,Turborotalita,ciperoensis,,,,,
planktic_forams,Turborotalita spp.,Turborotalita,spp.,,,,,
planktic_forams,Zeaglobierina connecta,Zeaglobierina,connecta,,,,,
planktic_forams,Zeaglobierina druryi,Zeaglobierina,druryi,,,,,
planktic_forams,Zeaglobierina euapertura,Zeaglobierina,euapertura,,,,,
planktic_forams,Zeaglobierina nepenthes,Zeaglobierina,nepenthes,,,,,
planktic_forams,Zeaglobierina woodi,Zeaglobierina,woodi,,,,,
planktic_forams,Zeaglobigerina brevis,Zeaglobigerina,brevis,,,,,
radiolarians,Centrobotris petrushevskayae,Centrobotris,petrushevskayae,,,,,
radiolarians,Nephrospyris renila,Nephrospyris,renila,,,,,
radiolarians,Radiolarian zone,Radiolarian,zone,,,,,
radiolarians,Radiolarian zone/subzone,Radiolarian,zone/subzone,,,,,
radiolarians,Spongodiscus sp. (Ling 1973),Spongodiscus,sp.,,,(Ling 1973),,
silicoflagellates,Aberrant Silicoflagellates,Aberrant,Silicoflagellates,,,,,
silicoflagellates,Aberrant forms,Aberrant,forms,,,,,
silicoflagellates,Aberrant silicoflagellates,Aberrant,silicoflagellates,,,,,
silicoflagellates,Aberrant silicoflaglelate skeletons,Aberrant,silicoflaglelate,skeletons,,,,
silicoflagellates,Ammodochium rectangulare (Ebridian),Ammodochium,rectangulare,,,(Ebridian),,
silicoflagellates,Bachmannocena apiculata,Bachmannocena,apiculata,,,,,
silicoflagellates,Corbisema cf. hastata cunicula,Corbisema,hastata,cunicula,cf.,,,
silicoflagellates,Dic. subarctios,Dic.,subarctios,,,,,
silicoflagellates,Dictyocha cf. mandrai,Dictyocha,mandrai,,cf.,,,
silicoflagellates,Dis. Medianoctisol,Dis.,Medianoctisol,,,,,
silicoflagellates,Dis. Medianoctisol (with short radial spines),Dis.,Medianoctisol,,,(with short radial spines),,
silicoflagellates,Dis. octangulatus,Dis.,octangulatus,,,,,
silicoflagellates,Dis. octonarius,Dis.,octonarius,,,,,
silicoflagellates,Dis. speculum,Dis.,speculum,,,,,
silicoflagellates,Dis. speculum (with short radial spines),Dis.,speculum,,,(with short radial spines),,
silicoflagellates,Distephanus medianoctisol,Distephanus,medianoctisol,,,,,
silicoflagellates,Distephanus medianoctisol (with short radial spines),Distephanus,medianoctisol,,,(with short radial spines),,
silicoflagellates,Distephanus medianoctisol with short radial spines,Distephanus,medianoctisol,with,,,,
silicoflagellates,Distephanus medianoctisol with short spines,Distephanus,medianoctisol,with,,,,
silicoflagellates,Distephanus slavincii,Distephanus,slavincii,,,,,
silicoflagellates,Distephanus speculum (with short radial spines),Distephanus,speculum,,,(with short radial spines),,
silicoflagellates,Distephanus speculum with short radial spine,Distephanus,speculum,with,,,,
silicoflagellates,Distephanus speculum with short radial spines,Distephanus,speculum,with,,,,
silicoflagellates,Ebria tripartita,Ebria,tripartita,,,,,
silicoflagellates,Ebriopsis antiqua antiqua (ebridian),Ebriopsis,antiqua,antiqua,,(ebridian),,
silicoflagellates,Silicoflagellate Zone in Ling (1992),Silicoflagellate,Zone,in,,(1992),,
silicoflagellates,Zone in Ling (1992),Zone,in,Ling,,(1992),,
